ModelID,CarName,VIN,PurchasePrice,ListPrice
15,2023 Chevrolet Equinox Sport,4USFWXGVVPGNMZJQC,43193.63,49415.85
49,2024 Chevrolet Trailblazer,14C53RSCER4H0GOKU,21045.08,27337.3
173,2023 Ford Bronco SE,IYQ7GPV1PNCM7ATK0,19606.13,25879.5
133,2023 Ford Explorer,7WPHZF6PO4S9HAYW9,41365.6,49842.05
162,2021 Ford Expedition Limited,GE1ROGMXGJ8BLH7CP,30849.27,33337.26
109,2017 Toyota Sienna,VFN4XDFEM1RBHEJJM,38287.13,44163.34
150,2016 Ford Edge Limited,4AE1E89877ZOQOKH5,34029.62,42898.29
58,2016 Chevrolet Suburban Hybrid,HD0MMHN50K2RE2YDX,38620.39,42198.71
47,2020 Chevrolet Blazer SE,LNYG5ON009RKZGTJT,18728.85,20055.57
85,2020 Toyota Tundra,3A5VX14EYV836PBTZ,28315.39,31065.92
70,2023 Toyota Camry Hybrid,84VC58WDLRKJ8UXVX,22283.24,26995.74
143,2022 Ford Mustang SE,5ZGX4Q3DQ8KC6HRT9,38388.68,47380.08
22,2017 Chevrolet Camaro Hybrid,SIIGYMKYHHU3WXA09,40478.77,48045.43
169,2018 Ford Bronco,DEXDVYUBLRATSLD84,23555.12,30774.11
20,2017 Chevrolet Camaro XL,H9PNEZ9CKL83YBO8Z,26897.41,29115.22
23,2022 Chevrolet Camaro SE,5I4P0SL8P293XZ92H,19236.52,20109.46
87,2019 Toyota Tundra Sport,NZSTSQVEMV5F4XWOD,26080.86,32936.2
19,2023 Chevrolet Camaro,N89X8DIWJJPS3MARE,19918.27,28503.14
125,2019 Ford F-150 SE,4LK8T2F5U8NB94NCF,40338.42,44598.05
163,2016 Ford Fusion,DEZ5CDUUK8UK861QK,36054.46,45479.97
114,2017 Toyota Sienna Limited,ZGORGHIKF6QWFYTPL,32988.17,42296.33
41,2024 Chevrolet Impala SE,3MYH8DW1F4PIZ3MSH,34076.11,37691.45
115,2018 Toyota Sequoia,5RR99V4K5GRE3QJU5,43581.51,51773.77
97,2023 Toyota Prius,MPRP8VXA9WBP5XN48,36981.75,46356.24
166,2016 Ford Fusion Hybrid,I06QSDMJWCCB7TX8L,35438.84,45127.5
89,2021 Toyota Tundra SE,FN3C6L65BSXY0H44Q,42007.18,48543.42
136,2017 Ford Explorer Hybrid,8WR5UU08U5P6QT73F,30854.09,35332.45
79,2018 Toyota Tacoma,IXATZMP7SSYAK8PB4,41005.26,42938.31
17,2021 Chevrolet Equinox SE,JN38OW4UKCTPRCNY7,28636.42,34245.05
16,2022 Chevrolet Equinox Hybrid,31YN79H2KNI74UG8P,33501.54,37265.45
96,2023 Toyota Highlander Limited,59THSITKMQFCQONBS,35629.73,41796.82
163,2022 Ford Fusion,H230M9388C5176RTO,26590.16,27146.94
1,2015 Chevrolet Silverado,9GBV8MRFUXSZBFFJW,19438.74,27535.85
4,2017 Chevrolet Silverado Hybrid,9YQBTH2PDYPYJXF8I,40643.08,47299.8
97,2015 Toyota Prius,2HWMCHQ6KUQB63SLN,22902.05,31280.29
101,2016 Toyota Prius SE,1AFS3LATJS2EAMHX0,29082.78,37694.14
2,2024 Chevrolet Silverado XL,2763Z72VK79MDKE1H,31527.3,38159.19
171,2018 Ford Bronco Sport,33IKEEZT6ITZ9MP77,16215.53,18070.7
51,2019 Chevrolet Trailblazer Sport,OLRBDP7AYF8W65JKD,40938.22,46840.12
124,2016 Ford F-150 Hybrid,JMNV11FJQLX0C1VHJ,24843.28,27312.63
98,2015 Toyota Prius XL,2P0YCZ1F9NZQQ8Y94,26056.29,32005.97
1,2017 Chevrolet Silverado,MRMMVMDAUHGGDRF7T,15489.08,17355.49
40,2022 Chevrolet Impala Hybrid,KM2193F6JQJRXBDZG,25114.29,31479.86
161,2021 Ford Expedition SE,O0UVM2N2JAF1LW9YT,16140.93,22497.77
10,2016 Chevrolet Malibu Hybrid,36H6OQBCPV89OBJ2A,28590.71,34477.56
154,2017 Ford Ranger Hybrid,0K2LFE91AQ0MEWHID,38291.47,41066.95
17,2015 Chevrolet Equinox SE,V387797J7XQ88A7NN,38413.28,46900.75
40,2015 Chevrolet Impala Hybrid,Q4UFTAI9MLM4ERUMP,41855.94,50066.51
63,2017 Toyota Corolla Sport,8UAAEEXLFGMMGEWPB,41718.63,47367.74
147,2016 Ford Edge Sport,E2YPK9FVRLY8ZOTRN,20696.49,25913.41
27,2019 Chevrolet Tahoe Sport,ROVGIP0D0QVAV4ORS,32095.37,34494.34
101,2022 Toyota Prius SE,6WJ9RGRZSDHX9MZ5V,44140.99,46840.66
81,2024 Toyota Tacoma Sport,9REOCW0WUD0TGGX8U,42228.4,51304.69
64,2019 Toyota Corolla Hybrid,DVACNARBFHC94YNEW,21820.61,23164.1
45,2021 Chevrolet Blazer Sport,BFBIN7H633ERGJPRD,20874.7,22186.52
18,2019 Chevrolet Equinox Limited,OYIR4TLVKEAIEEJ17,39027.54,44604.3
97,2015 Toyota Prius,D22TJBR9WEMLRD8DT,29767.64,35661.29
128,2018 Ford Escape XL,N1UCM6F6K5O2T2M11,27459,28297.66
43,2022 Chevrolet Blazer,MYS0ITHNEJLM8TR3A,30378.55,33827.18
166,2018 Ford Fusion Hybrid,87YBPW1CGRLKSGEYJ,42776.74,47166.96
140,2019 Ford Mustang XL,NIW6M5AHOMSW76FN3,33431.03,43409.56
160,2017 Ford Expedition Hybrid,V3L4QQYJABYT5ZA2B,44354.66,50521.23
58,2022 Chevrolet Suburban Hybrid,EL70R2AWF4SJLL944,29153.64,37937.63
171,2021 Ford Bronco Sport,86H8SMFLIR0ANTT25,31625.28,33806.17
62,2024 Toyota Corolla XL,OW6BNM0R9NSNY9JVV,35804.36,39657.72
21,2019 Chevrolet Camaro Sport,WB43UTE8A1I682ID6,34252.66,36399.88
159,2021 Ford Expedition Sport,QXX44IFBNSPBO5TL8,16101.35,23543.87
129,2022 Ford Escape Sport,OHFJRHDKU5TZ20S3B,39627.66,43383.05
2,2019 Chevrolet Silverado XL,QBMVQSN7F6W8CCH7K,30938.63,31839.74
154,2022 Ford Ranger Hybrid,X65XXLHMXI40T2FP2,27461.77,32860
120,2015 Toyota Sequoia Limited,IKRDZO4K7R206VN74,32740.69,42131.47
140,2024 Ford Mustang XL,IHKUYMNEKHDKKWUSI,20988.36,25212.71
125,2016 Ford F-150 SE,XN0MLMNOOFJPBR2MG,23132.2,27409.3
42,2018 Chevrolet Impala Limited,HV99V0F2ZEPZ1JJ7T,22423.74,25005
125,2016 Ford F-150 SE,CBDD1D2RB1DX866FE,43337.52,53004.99
26,2017 Chevrolet Tahoe XL,E2J4KKI13S48R630F,21064.46,22075.61
101,2020 Toyota Prius SE,E6MNNRQ3GWNDAY32R,41614.42,42211.86
83,2024 Toyota Tacoma SE,V9LYWYLHR1DBHLVLB,25119.25,32493.54
59,2022 Chevrolet Suburban SE,LAYXDS9U7OUM1T8GL,33210.38,34305.97
169,2023 Ford Bronco,O4CJ6QTXT09DS0SKJ,19793.03,25989.32
55,2022 Chevrolet Suburban,0EIFSO709KZUYKJSF,36852.62,43201.8
59,2020 Chevrolet Suburban SE,OTGUYZOR929VIY9XY,20016.98,28218.5
143,2023 Ford Mustang SE,5YFP6RLIWSO837QZA,33706.32,36100.36
33,2017 Chevrolet Traverse Sport,H1QD4V4A7UIS1EFRE,40807.06,49211.22
32,2021 Chevrolet Traverse XL,KRZG5UF9I2F5BB1Z5,34558.74,37084.15
50,2024 Chevrolet Trailblazer XL,E9UFKUR9QKDCO6LFV,31655.07,37033.08
112,2024 Toyota Sienna Hybrid,RWRXYLZ80MA5I89SD,26576.07,33782.38
44,2024 Chevrolet Blazer XL,A04V5SGA0QB57PT5K,40272.01,44524.62
162,2021 Ford Expedition Limited,OASMGRUAC87DTJFSL,41712.38,47485.99
56,2024 Chevrolet Suburban XL,I1QTSSM9SWZ8F5IH8,21168.99,22760.86
79,2019 Toyota Tacoma,YA6O53MWC1CL1YUFP,20969.49,24683.98
114,2019 Toyota Sienna Limited,MIZDVDA6EY044X9JO,41899.61,50811.05
178,2022 Ford Maverick Hybrid,SNDLULS8HZ67LQTVQ,19194.6,29128.55
122,2020 Ford F-150 XL,DG2644XMK0WWJOWU5,41867.37,49240.02
80,2015 Toyota Tacoma XL,D7CFCVJZNHFOLDIQY,21776.63,26667.88
132,2016 Ford Escape Limited,H0INIDKO6WNZRUXU3,23656.08,26931.65
171,2015 Ford Bronco Sport,SY17BFGCB5TUO0DQV,42655.69,51250.73
167,2022 Ford Fusion SE,JT0OE51HKDDSKDXQ2,20793.29,22531.5
63,2015 Toyota Corolla Sport,UDVHKCALJ0EYX8YOM,16389.41,22254.79
120,2017 Toyota Sequoia Limited,N30TOXU2OX6N0WQ7L,40692.6,48805.28
33,2022 Chevrolet Traverse Sport,6ONBLV38ER6BNNAJ1,44722.75,49930.73
25,2022 Chevrolet Tahoe,QHDRGH6894X206K4W,27243.88,33033.98
97,2021 Toyota Prius,JCWQ6FRAAP8YO77XZ,23066,29597.66
57,2015 Chevrolet Suburban Sport,7C0YLTEI1ME3DQWN9,18505.35,19934.94
72,2016 Toyota Camry Limited,IFK4PGVD8WQETOMI4,43326.88,48445.2
158,2023 Ford Expedition XL,R8LVXALOOXMCZVT4H,39533.07,44685.9
54,2022 Chevrolet Trailblazer Limited,E0IQ9X2TWH83BX29E,40924.03,45256.62
135,2017 Ford Explorer Sport,RF8YEYJFYRM7W2M50,25585.26,31161.57
167,2017 Ford Fusion SE,3MHVQ8LO4ZJB5O9Y4,38106.5,44699.84
115,2015 Toyota Sequoia,H1UNAY34VBJR9L1ZJ,24765.91,26346.81
90,2018 Toyota Tundra Limited,M4ZG79I0ZY9KMGAEY,21321.93,24110.1
19,2023 Chevrolet Camaro,B5PZN861HFB8WVAXI,25344.59,29210.13
158,2016 Ford Expedition XL,PVHIQRUDRJYFT7O65,43885.74,47483.15
79,2021 Toyota Tacoma,F36O0C46Q3KKHG8A1,30720.81,31228.21
154,2022 Ford Ranger Hybrid,ARBT9WDDTZ6696N2S,18883.55,24545.63
43,2023 Chevrolet Blazer,IZ6A5E0C65SZVEG78,35478.75,40537.61
38,2022 Chevrolet Impala XL,1NJYUM1P0GDRNJLDF,33015.7,41787.06
4,2023 Chevrolet Silverado Hybrid,0L93QCMHB357RX5M4,21208.53,29207.48
122,2016 Ford F-150 XL,MA7R5SGUIUM1IP4OC,19754.13,28251.91
94,2019 Toyota Highlander Hybrid,QHHPA3C6JC2EDM96A,40613.61,48032.95
102,2016 Toyota Prius Limited,ENVFO7VNG6KGB2W4R,22307.62,29809.17
59,2023 Chevrolet Suburban SE,ITZW0FF0VL5V9X2P7,20779.55,30478.31
40,2017 Chevrolet Impala Hybrid,EZSR2YU636XM7FMJL,43638.43,51950.35
180,2017 Ford Maverick Limited,AJ3V5UXC8HX557SVA,16001.28,17491.39
106,2021 Toyota 4Runner Hybrid,YKQ7UK9GBOGZ05197,37601.6,39259.69
35,2023 Chevrolet Traverse SE,4F2SP2OFTOUWBE6Z6,31892.66,41368.64
89,2022 Toyota Tundra SE,GP8MOA1OGL86YXAX0,25905.43,26978.03
156,2019 Ford Ranger Limited,G3KDAZKHA7TITPDK2,26562.19,28954.55
102,2023 Toyota Prius Limited,YMH6CV1PXR7GAUAW6,37613.78,39806.5
92,2024 Toyota Highlander XL,7NTP515S4B0Z9FGJI,39335.95,46130.34
20,2021 Chevrolet Camaro XL,8IIUHINUKZFHZDEJV,35361.89,43635.03
155,2022 Ford Ranger SE,6KH26EHO69BH4WJU9,24577.89,34042.46
159,2024 Ford Expedition Sport,MYJWCUJ8OOE37HX5O,29319.71,30753.64
75,2022 Toyota RAV4 Sport,SBL32130TRKJA5UA7,29438.21,34334.2
166,2023 Ford Fusion Hybrid,PW4Y1QHI1N4KWEC8B,42612.4,47155.8
170,2020 Ford Bronco XL,0TEJ4JBXT2341CI60,42239.47,50458.55
73,2017 Toyota RAV4,D5WNQ2NRH3JSARWO1,41798.8,50949.05
162,2015 Ford Expedition Limited,AN0LDN042GNMVOOT0,27047.01,35953.19
74,2015 Toyota RAV4 XL,B22TDKFW08KG7WY5P,24094.51,29249
127,2015 Ford Escape,SL13836A302BFFDQH,40408.4,49076.37
148,2019 Ford Edge Hybrid,FCUPCBCUM95DO32S6,34057.72,43705.67
81,2021 Toyota Tacoma Sport,BG06JKI9L1LEF6803,15061.26,19673.87
16,2020 Chevrolet Equinox Hybrid,J12ZGBWA555HCOL86,42531.57,46918.83
108,2019 Toyota 4Runner Limited,FSOPS216JI81LJDST,28808.8,32140.94
142,2021 Ford Mustang Hybrid,IDTS9BKYTXKRRCFA0,34621.44,35524.42
91,2020 Toyota Highlander,BH0H1WSV5B9WKOWJZ,17779.55,26159.04
64,2018 Toyota Corolla Hybrid,AQJFJJKB4BSA191NU,25830.96,28545.66
89,2015 Toyota Tundra SE,AIGGAJAV1Y594TDIT,42398.18,47761.38
116,2022 Toyota Sequoia XL,RKUQD23AWJYT4LTEO,24762.38,34114.94
80,2016 Toyota Tacoma XL,3GKN0C8FHLK60WVY7,30280.76,34620.12
171,2024 Ford Bronco Sport,XYVUVVU4DOZ2XRFGI,44672.83,48210.36
161,2023 Ford Expedition SE,L1IJ4YD8MYUC9GXQX,19682.79,23264.58
13,2020 Chevrolet Equinox,HGB4QMTRE624NC46Z,18945.79,21717.38
100,2024 Toyota Prius Hybrid,1NH6ZVNKYI4S8O7KO,26772.29,31908.01
12,2021 Chevrolet Malibu Limited,T8TFAQ1NPQWR347GB,34117.68,40263.54
37,2015 Chevrolet Impala,DT3E88F462FBZBIPJ,19451.21,26016.22
138,2023 Ford Explorer Limited,L8SZD2058E1ZOXYQZ,31357.04,41018.51
146,2024 Ford Edge XL,IDXAAJXS3K8Q7MGKU,25665.75,35091.62
176,2022 Ford Maverick XL,4FLAK9QJNBGILSEIU,28441.65,30859.26
40,2020 Chevrolet Impala Hybrid,AR9TMCWCPWCEYXQG3,25700.54,31188.59
3,2020 Chevrolet Silverado Sport,YD2IFOC1PQZ1YNMW3,16260.48,22401.2
6,2015 Chevrolet Silverado Limited,LMIIXB557RRUYAOUN,39853.51,43126.27
112,2021 Toyota Sienna Hybrid,UO9S9BCE2MCLJT8DE,33584.08,37343.37
133,2020 Ford Explorer,0EO75AQVXXTF5Z9YO,35147.33,37093.19
91,2016 Toyota Highlander,UVDXY06DTSADJ71P4,37745.63,40287.48
43,2019 Chevrolet Blazer,98V4440P4VEJAS8S4,28882.91,35747.85
11,2017 Chevrolet Malibu SE,W47VONZ796I6O9SVQ,41642.15,50962.05
93,2021 Toyota Highlander Sport,7ENYS6XHW6TROLS2Z,35890.44,39938.09
25,2019 Chevrolet Tahoe,0AHOV09FD7MEYZP5M,44519.12,45661.39
76,2015 Toyota RAV4 Hybrid,6OKW01ZRZ4LO4AWAQ,37774.04,44398.61
14,2022 Chevrolet Equinox XL,TKQ903R21YK49TJYZ,44221.2,46590.13
145,2015 Ford Edge,CQ0E5TYXT2ZVZ9XIH,28524.25,38444.02
42,2017 Chevrolet Impala Limited,Y3EAZ4E90YMOT6G2Z,34599,39611.25
114,2019 Toyota Sienna Limited,II0P7PBNA6RO0DSDU,44295.69,53955.19
40,2023 Chevrolet Impala Hybrid,XV4QJ8123CR6Q63FJ,22456.38,23344.57
51,2024 Chevrolet Trailblazer Sport,7YCS6318JZG780G4T,21663.02,26106.47
58,2022 Chevrolet Suburban Hybrid,UMFYZJQPNDFCAHV5M,35841.22,42111.62
67,2020 Toyota Camry,XD49KT2JYDD1ZLSVC,23265.9,26937.38
99,2018 Toyota Prius Sport,GAOE2VWCQZU4X8D8O,35181.19,41253.23
21,2020 Chevrolet Camaro Sport,J2KCR6HYHN6BYO4RX,41397.57,47991.03
103,2018 Toyota 4Runner,BVCNTTD9XR4ARGR6E,37921.22,38717.65
11,2021 Chevrolet Malibu SE,HR0SBAGDNBD7EE007,39341.38,47516.25
150,2016 Ford Edge Limited,4ZJNJT9LZP0XZSIBD,27380.01,36751.07
124,2019 Ford F-150 Hybrid,BRVDHTSNZETYOWQJN,16477.44,18271.52
74,2019 Toyota RAV4 XL,2BXR26DP8DY739A5L,42566.37,47046.62
60,2022 Chevrolet Suburban Limited,FDC27WAHT66S4Z0C5,40835.32,50025.7
35,2023 Chevrolet Traverse SE,O56ZSSJMEXKU1EZOS,43964.21,53371.11
19,2020 Chevrolet Camaro,BPFR0DGWXFUTMNKP8,30111.51,32616.8
90,2019 Toyota Tundra Limited,2SJ5TSD39LQ34ZNBR,17145.14,20315.25
70,2019 Toyota Camry Hybrid,IFLW2L4I2SK1EB2DA,15524.04,18945.93
81,2022 Toyota Tacoma Sport,DSPBXHH5Y5FWSH6HN,27538.79,32916.31
4,2024 Chevrolet Silverado Hybrid,I3WBOZKK7F457BIM1,29775.99,32906.21
32,2015 Chevrolet Traverse XL,C3QW3UUAXA2J755QL,30251.36,40164.92
47,2017 Chevrolet Blazer SE,7U2BAD0A414OK9P2F,24801.04,29879.21
48,2017 Chevrolet Blazer Limited,7CUNC29BNSH6IY115,22109.2,24419.78
65,2022 Toyota Corolla SE,S8DEZV68SBFK2RFTB,40060.29,41455.38
136,2015 Ford Explorer Hybrid,22TZ5RR0F974SNCD8,23617.18,25920.21
69,2023 Toyota Camry Sport,SAZCDHQKICL57KIF9,31544.71,40249.04
180,2016 Ford Maverick Limited,RGKEBRJ2DF9C7XNCK,18402.92,20611.28
161,2018 Ford Expedition SE,VHOQ57TKWFAKTC529,38608.31,44116.52
180,2016 Ford Maverick Limited,N2US1PWZMHRJ37A1H,15070.19,21889.72
17,2021 Chevrolet Equinox SE,DD5L4ZSFUCRQ9LH9G,25446.48,33022.04
59,2022 Chevrolet Suburban SE,P29F0DKR287REVR40,31183.39,36670.02
162,2020 Ford Expedition Limited,BY4D4UCE34TG2GQ9O,25139.08,32328.97
80,2020 Toyota Tacoma XL,LLPA2WRZ7RQK8I7W3,40246.61,48599.89
104,2024 Toyota 4Runner XL,YIGOIM2SLSRQPZ3M3,30726.28,38742.58
168,2024 Ford Fusion Limited,Z3MORX545NBRCVMLL,34064.18,41271.81
93,2015 Toyota Highlander Sport,U45XFTUNWODEZBPDP,23273.72,29339.89
111,2018 Toyota Sienna Sport,XXYFVD3EGU00HNJK7,26416.82,32860.5
5,2018 Chevrolet Silverado SE,5DADZ5WSYTR861GNQ,33796.42,42057.02
172,2015 Ford Bronco Hybrid,09KTET7GN8J5BOOVD,20305.29,24578.75
101,2024 Toyota Prius SE,KF5KOU0U5BEK5XZRS,38490.98,45807.2
91,2022 Toyota Highlander,61MONVCHQZN4Z032B,22640.44,23394.27
122,2020 Ford F-150 XL,FTH6SV236VSO86G66,26685.26,36586.66
11,2018 Chevrolet Malibu SE,W4Z48NN8DDVHKNB6E,34244.1,37821.04
45,2023 Chevrolet Blazer Sport,66X34240CANJU4J68,28235.42,33410.2
135,2016 Ford Explorer Sport,US9GD5Y14JAIXR203,42842.83,45445.39
42,2020 Chevrolet Impala Limited,CUV9W6YGMM5NN1XJH,28983.81,29577.11
102,2022 Toyota Prius Limited,4BWT9GPYW661QPYXS,32070.89,32927.26
85,2020 Toyota Tundra,0WKWVK0RRL7OPMQPT,43529.12,49819.56
66,2015 Toyota Corolla Limited,0JR5GVGZAKUKA7ITO,40551.98,47415.71
106,2021 Toyota 4Runner Hybrid,B7C7LD1DJQG294ZBU,33760.31,41130.79
170,2024 Ford Bronco XL,SR9EOBIKIR0G30GLP,35287.33,40464.65
3,2016 Chevrolet Silverado Sport,SLGC1URXO2P58D1A9,22670.21,30099.03
132,2015 Ford Escape Limited,W64Z1MB4SNXZ8KXJW,15812.37,20272.27
8,2022 Chevrolet Malibu XL,8ILU24VBK12RFNM2F,21428.98,23337.76
115,2024 Toyota Sequoia,HXY1JAYKISY4FSYCC,38013.28,40075.05
92,2021 Toyota Highlander XL,6RN4Z5XKNQYE0PCZK,20675.47,23594.56
78,2020 Toyota RAV4 Limited,ASWMMJ9YMOOLK4NLQ,24320.67,31225.49
21,2019 Chevrolet Camaro Sport,RENQ91LON9T5OCUYS,17590.23,22351.38
179,2018 Ford Maverick SE,7L4B430HSU1MZ10CD,36770.21,39098.91
150,2023 Ford Edge Limited,MFY0PHMUDR5NGFZBW,38966.06,41551.3
62,2017 Toyota Corolla XL,HD5JB5HGF3CC4AH80,42105.06,44179.38
143,2019 Ford Mustang SE,MOXX98D48LNE5IQ2Q,21988.84,25441.19
154,2021 Ford Ranger Hybrid,GZ6SOOYY3E817DPWZ,38075.15,45736.1
162,2017 Ford Expedition Limited,JXBZ6PY6QEI6V7VF1,44755.29,45505.57
12,2017 Chevrolet Malibu Limited,2CYKMV3S6CS19H7PD,37057.85,40525.91
161,2021 Ford Expedition SE,5FW84IV2LD5UEY5J2,23957.71,28767.88
147,2024 Ford Edge Sport,NDWCD3O7DGG701FIA,40092.25,43415.42
125,2022 Ford F-150 SE,UV581BDBHN0BKZUOH,29696.12,33041.71
83,2017 Toyota Tacoma SE,ADWM2SJIJHWO9KJ4U,21578.6,28133.41
133,2023 Ford Explorer,HC4HK7M8T1E65I7OY,17277.2,18313.22
76,2023 Toyota RAV4 Hybrid,89T6YTFAVEJYGMZF0,37064.28,40193.44
180,2020 Ford Maverick Limited,PPVHT7DBHVS78H16R,39049.7,45295.31
151,2016 Ford Ranger,POG2UR8F6C9AKNWPR,27610.71,34031.41
176,2022 Ford Maverick XL,NQPUC4HWE7ND56MLA,34062.12,42548.57
99,2022 Toyota Prius Sport,CBA86HOR6MMNETWSA,28737.14,31058.63
122,2022 Ford F-150 XL,RF9K98P25JCNUFYAO,16485.46,22755.4
14,2016 Chevrolet Equinox XL,D3KLXXCQPU8O8KH31,18730.41,28183.91
136,2021 Ford Explorer Hybrid,T8Y7YEJLWNCPCUREN,39048.65,47413.35
122,2022 Ford F-150 XL,EYH6EEURAVPVEMCR2,15103.26,23583.77
59,2022 Chevrolet Suburban SE,767QDRM8Q3MTVUDP1,35206.16,41467.99
67,2019 Toyota Camry,UDHZ57ADVH5OLSP7N,24875.17,29066.1
62,2022 Toyota Corolla XL,0PL4UZRWX9WS49GUE,18884.53,23519.57
51,2015 Chevrolet Trailblazer Sport,RP1WTT54GHMCH8Q8O,35076.12,39773.16
61,2020 Toyota Corolla,59X57IH0M2Y1ANUBU,44196.01,50769.74
64,2017 Toyota Corolla Hybrid,DZ5LPX2B6O2MZIYD0,23003.55,27422.84
15,2018 Chevrolet Equinox Sport,I9HCJG9M7HSP2HQVH,40838.53,41855.09
35,2019 Chevrolet Traverse SE,QJGNMWB0Y9UL1IKZO,37188.15,41385.91
64,2024 Toyota Corolla Hybrid,0UK3Q9XHXLOYJLOW4,18922.17,19464.36
100,2023 Toyota Prius Hybrid,4OTMAIISBJNJATRX1,25545.92,28161.21
66,2016 Toyota Corolla Limited,PRIOYUXESIXYQP5R8,33691.23,37902.89
113,2024 Toyota Sienna SE,JDFT9ET5A65AN952I,31553.9,39225.48
136,2021 Ford Explorer Hybrid,PLB5PZQR30YPL7XXJ,27247,35591.02
170,2020 Ford Bronco XL,0XQ74NX22SW8490U7,25452.84,27197.74
4,2019 Chevrolet Silverado Hybrid,7BYGF943VZQ4D8QAI,37966.56,47441.93
146,2021 Ford Edge XL,E0M8W9B4NCL73IENU,19074.57,22886.79
105,2015 Toyota 4Runner Sport,LIPKKF5NC3UQ68FK2,24902.83,26153.62
82,2024 Toyota Tacoma Hybrid,BQLH3VZLQFRGFE6LT,39712.29,42817.1
134,2020 Ford Explorer XL,QJE45DXBL7G002W2G,20144.57,25631.88
169,2015 Ford Bronco,NFL5RVKY4A03CA3WI,41350.62,43592.71
114,2018 Toyota Sienna Limited,MWOK0YKSEEE85WUF7,19473.19,28277.67
169,2023 Ford Bronco,XW54QCWTFXI724SIS,39433.35,41059.5
167,2018 Ford Fusion SE,650S4606EVSTC56UT,39659.03,49644.78
124,2022 Ford F-150 Hybrid,VENLNU6DQTAIHM9PF,35234.55,39101.22
100,2022 Toyota Prius Hybrid,7NXEY8ZO1E9DWPPEV,33360.14,39173.66
46,2020 Chevrolet Blazer Hybrid,P55G1Y0Z3JG9T0DJJ,18016.65,23360.01
170,2020 Ford Bronco XL,84CVEO17K61EYQY9M,22721.29,31688.58
174,2016 Ford Bronco Limited,ZFGWSFVG3UOKQWMXH,31896.09,39153.68
178,2023 Ford Maverick Hybrid,AZU3XOQD9WJBD00EG,24427.1,32861.58
74,2020 Toyota RAV4 XL,8ODSQWI3WDHTEG206,43909.38,49954.23
82,2021 Toyota Tacoma Hybrid,XQXG0KJSMUT5YBFIH,16292.84,22703.02
102,2024 Toyota Prius Limited,3XO0KB7SFPD4EMXAR,36500.75,42885.74
92,2015 Toyota Highlander XL,C3SXTMZQW4T17AGPI,39075.45,46594.06
69,2019 Toyota Camry Sport,D309WFO3YYZCUMK8F,18016.69,26267.49
44,2020 Chevrolet Blazer XL,IGVWKRLVBIQI2M5MY,33667.01,42051.59
123,2022 Ford F-150 Sport,MVHGDJH24B3MCW4UN,30293.67,34636.18
111,2022 Toyota Sienna Sport,NK1CDXP7ENZ5V1F7Z,23553.49,28452.33
2,2023 Chevrolet Silverado XL,UOK7YMV96DKQZVD2L,29524.24,30740.26
179,2016 Ford Maverick SE,HVYHE0WS6NEP7GQCR,31464.23,34764.94
37,2020 Chevrolet Impala,DS2QJUGBVNIW6CO16,35814.03,43160.85
165,2015 Ford Fusion Sport,QP4MAA8482Y5PNAZM,30395.21,34602.33
143,2020 Ford Mustang SE,E4STWBDQ24CTX56GF,33443.24,39410.44
18,2022 Chevrolet Equinox Limited,FHBU07DE3DI4BKPFU,15760.58,23882.58
95,2023 Toyota Highlander SE,YHJYARR5WBLZ15HPE,15375.93,23691.06
5,2019 Chevrolet Silverado SE,7RQGVCOLYO15N16HZ,26598.68,35449.42
45,2024 Chevrolet Blazer Sport,GZ8FO5BJ2QQJDQKAO,36529.44,45942.99
97,2018 Toyota Prius,PZJ1873F9J9LASHCM,23378.79,31121.23
163,2023 Ford Fusion,GRFGDR0GEJ18SYSVF,43227.75,46494.93
45,2019 Chevrolet Blazer Sport,38BBK74P1ZKXDEWU0,33319.88,37079.62
165,2022 Ford Fusion Sport,6ADCBSMUZOYTRQGTB,17205.31,23959.86
71,2024 Toyota Camry SE,5PP17475IYK8MXJU8,25220.99,28991.86
72,2024 Toyota Camry Limited,GUAV91U01MON906TP,40391.35,45212.3
100,2016 Toyota Prius Hybrid,UWVGWBMX3EDY04574,21281.55,23687.82
115,2022 Toyota Sequoia,86S5HORY15E8BD1M1,25710.37,35534.04
135,2021 Ford Explorer Sport,D8I01OY9ZI93HYW36,39379.16,46584.31
169,2015 Ford Bronco,6WD16J0NTPVQERPKJ,26227.07,30290.19
140,2023 Ford Mustang XL,AJ7J2PGKSJ3PANQSX,34465.83,37554.15
64,2021 Toyota Corolla Hybrid,89Q4FHILECVH8TSI4,36104.85,44791.08
167,2021 Ford Fusion SE,U0JHVK4I8ZA6BX5MS,40382.25,48729.82
6,2021 Chevrolet Silverado Limited,U0RS83GBSEGI8PASQ,21871.44,31811.59
93,2019 Toyota Highlander Sport,H0GZI7GF3RCHAX797,33388.75,38090.7
15,2022 Chevrolet Equinox Sport,YROOQNEEH8C457G9J,21193.11,22531.44
157,2017 Ford Expedition,AMWTUO5XICK01U7Q3,31724.5,34573.9
96,2020 Toyota Highlander Limited,CGF97WBKZIC5RD17U,16314.02,23256.01
154,2015 Ford Ranger Hybrid,OMAIJ1QRSIHN8PYGG,27225.53,29526.44
90,2023 Toyota Tundra Limited,UY9PDB6AUI21UT5WH,18500.53,24300.46
157,2023 Ford Expedition,5152KUH1YPE7VY4VA,29588.78,38072.06
106,2019 Toyota 4Runner Hybrid,UF1D6109Z95ZSQLIM,40666.7,46271.89
75,2015 Toyota RAV4 Sport,V7KJ5E2TDYK9NFFAD,43968.47,45642.29
38,2021 Chevrolet Impala XL,M4ZV1APITV99CBBB4,29165.96,35962.41
35,2022 Chevrolet Traverse SE,US82NG6M28L4V6YL1,26246.58,29975.26
179,2020 Ford Maverick SE,MI8FXRE5JG8HBDQ5M,39194.87,49175.66
77,2022 Toyota RAV4 SE,OR43QL9S3623ZL3BI,35446.28,40961.73
118,2022 Toyota Sequoia Hybrid,MZ04BC1FJDXK6M5VF,15572.14,22744.38
94,2015 Toyota Highlander Hybrid,JN6GXAE145D8EG1LT,21471.87,25540.61
114,2018 Toyota Sienna Limited,5YA1HMWFGH70BJWFE,37285.91,45650.43
170,2019 Ford Bronco XL,2TBOOP3L7A1S5OVWQ,39951.56,46320.4
88,2022 Toyota Tundra Hybrid,W302BP4VJ543O8ZO1,44922.97,52014.11
134,2024 Ford Explorer XL,DU3DM44SV0YFOXGPN,41322.32,44625.52
168,2021 Ford Fusion Limited,U5TDLNQZI2OVAG8SA,27208.47,29815.82
136,2020 Ford Explorer Hybrid,24IMVGGDPHP89TULR,17591.55,24838.19
75,2021 Toyota RAV4 Sport,EWPNSGNPUURBD8WCD,24987.14,32404.57
113,2018 Toyota Sienna SE,DVVXC1JNOK31ZS6QC,21586.03,24272.74
69,2017 Toyota Camry Sport,9BA8AW9QG1LZXL3TH,16586.61,24625.15
10,2024 Chevrolet Malibu Hybrid,BNF0GA1UDS2EMHB9Q,18225.1,22438.42
161,2016 Ford Expedition SE,9E6DHEK0QL84Z6ETO,38346.84,46984.13
177,2024 Ford Maverick Sport,TXQLV5XB4ATNPTSEI,43873.57,47851.03
155,2021 Ford Ranger SE,J9D3NQ59NJJBKHE0H,23121.31,31516.03
154,2024 Ford Ranger Hybrid,FARQPXGNKNQPQIKFY,20821.23,30212.04
9,2023 Chevrolet Malibu Sport,VNC9Q819OZXJSJD19,44401.72,47785.01
125,2017 Ford F-150 SE,WKBNPDMRBZQYNJDRN,27793.3,31029.28
7,2021 Chevrolet Malibu,77RHR4D2F3ZEDY92W,31352.2,35056.95
47,2018 Chevrolet Blazer SE,09K5Q484W0CX8V57Y,37682.15,43499.82
24,2022 Chevrolet Camaro Limited,3OAZTBIPZN0IMP6O1,15083.31,15646.86
24,2015 Chevrolet Camaro Limited,NCXHDY6T7JRJ91QBJ,32780.31,36859.36
99,2018 Toyota Prius Sport,1UDR7BTLNTYW62CVI,30906.73,33780.51
106,2016 Toyota 4Runner Hybrid,C27H02LUQQ2H0ND22,20263.27,21180.78
50,2022 Chevrolet Trailblazer XL,QDXFVUOAQ9EQ9CTN3,22636.71,27268.3
79,2018 Toyota Tacoma,DT89JMDYWYT6YK7BE,29776.98,30855.6
65,2016 Toyota Corolla SE,MY5Y2XDVXVEP9M9NH,23155.93,30035.43
73,2021 Toyota RAV4,VN26BZJXJIEZEO5WJ,43208.17,52935.96
16,2017 Chevrolet Equinox Hybrid,FWN4N1UGB4KKT2JRB,15585.3,22632.06
2,2024 Chevrolet Silverado XL,8EI4PG1PWFEGSCEOJ,33388.76,42589.45
1,2015 Chevrolet Silverado,V3NC26A51JYZYGUA1,39083.73,41452.12
160,2021 Ford Expedition Hybrid,5AY7U5EXJ4ZUB3T16,41977.29,42883.24
132,2020 Ford Escape Limited,WYCYVTAN9AUNIKZET,27379.45,30672.2
169,2021 Ford Bronco,7S3LYJU8YMNR4HFWO,26305.23,28857.11
170,2017 Ford Bronco XL,ZQ8Q6A4J7CCTCGJ0R,38109.37,40029.96
38,2023 Chevrolet Impala XL,AU5EWEBAM4NA1U791,38021.86,42638.88
103,2023 Toyota 4Runner,WEF83W2ITPV1P9RQD,37449.89,43985.57
105,2019 Toyota 4Runner Sport,5586T8EMX83GL1N7R,26254.49,32882.62
141,2023 Ford Mustang Sport,RQP6YG3RNQHS4C3WK,34979.96,37652.57
155,2023 Ford Ranger SE,KK6XNL0ZB41WL1JRO,22409.88,28112.17
24,2023 Chevrolet Camaro Limited,QK454QZS8HKB531M2,16754.98,18018.56
23,2023 Chevrolet Camaro SE,F6ALVWFEYMJOND12V,19760.11,22475.34
152,2021 Ford Ranger XL,RCFW8X1YLWRGJ8CYG,24596.08,34433.82
134,2018 Ford Explorer XL,XV216VNPHVHQWU18T,37195.27,45156.74
48,2017 Chevrolet Blazer Limited,SCYDNABU9X3CFOIHG,32603.28,33467.27
173,2020 Ford Bronco SE,KJYUYU2ZOCPD3VZG2,22436.88,31195.47
71,2015 Toyota Camry SE,S5PDPXQ8ZSLTKK9VO,17271.6,27261.76
170,2024 Ford Bronco XL,CARKMEFMCKTQJXECV,27504.18,32735.02
82,2024 Toyota Tacoma Hybrid,PURRN4OO4GN3H9VD8,34019.38,35785.46
3,2022 Chevrolet Silverado Sport,4UJ14H11F4SZP7FAX,36913.07,40244.63
10,2016 Chevrolet Malibu Hybrid,M1AA49UXQO30K9HDG,44650.86,46970.47
131,2017 Ford Escape SE,QZJKPKNTA12EWK20T,20081.68,22205.14
51,2017 Chevrolet Trailblazer Sport,DB6JIA4AGCBDF99C2,38902.59,41742.45
154,2018 Ford Ranger Hybrid,BKED2E3H83GEDZ0OM,34685.93,35213.48
33,2019 Chevrolet Traverse Sport,HERSWHN2A2C75G8K3,39643.79,42457.46
150,2019 Ford Edge Limited,O2NR3UCCWQNWKADT7,25031.33,31581.59
1,2021 Chevrolet Silverado,KWHDM69FG132X10A7,42291.14,47130.34
19,2021 Chevrolet Camaro,75UZCSNRNFKI4ZRCY,26319.83,33985.11
169,2024 Ford Bronco,DKDTFRUZGXJV4DKQY,24400.8,29646.05
147,2021 Ford Edge Sport,QFB69IG0QZN5XCRPT,38389.66,43000.79
38,2023 Chevrolet Impala XL,62ERZTIGYZFAVMFHC,15525.53,25244.46
105,2017 Toyota 4Runner Sport,C27SWKG1YNUVWIYJH,21115.13,21910.95
70,2018 Toyota Camry Hybrid,3M1D2XZUY2H1Z5K9B,25829.79,32877.65
58,2020 Chevrolet Suburban Hybrid,T6PB4KK5XE7OKZ6R6,19236.82,27116.37
10,2016 Chevrolet Malibu Hybrid,QJSO7XV5T5ZOVUP7V,17960.15,22898.11
63,2018 Toyota Corolla Sport,8SLPJC4NSMFKUFS9H,23224.57,29754.08
173,2024 Ford Bronco SE,PWLZOR8QEJAGMJFHJ,18451.41,20420.3
159,2016 Ford Expedition Sport,XKSOEVS2H4ESVT0G7,32066.12,38467.04
37,2021 Chevrolet Impala,YBAAYDKIWSOQSVS91,25547.89,31849.05
63,2022 Toyota Corolla Sport,OV645DGEP2MB78UB7,28434.25,33868.08
120,2023 Toyota Sequoia Limited,NDY8RV57WU4VJYPU9,20564.52,29021.42
90,2015 Toyota Tundra Limited,SFWO9CNZLDQ9GU0BN,35613.97,44297.28
140,2017 Ford Mustang XL,HKDJ88GLRWC7BZLEZ,32542.21,41866.97
148,2020 Ford Edge Hybrid,918AGLC01HKLNQSZ9,24343.66,29690.15
26,2021 Chevrolet Tahoe XL,EDBUXXZS0V03C6B2K,17303.4,19775.5
126,2020 Ford F-150 Limited,OPG9KI2B615M4ZVCY,25627.05,33983.18
116,2018 Toyota Sequoia XL,ESOW9W3OXTDRYQP1P,43293.33,45636.77
113,2018 Toyota Sienna SE,R2UXVIRKG9TZLCEOY,41286.91,44654.28
62,2016 Toyota Corolla XL,JITU3HZS5MCKDDPDE,29420.87,30803.51
131,2024 Ford Escape SE,TQWQMH7NW1AZURW0K,30588.19,38335.79
83,2024 Toyota Tacoma SE,2PFA5BTDGENXR0WXK,22320.5,23322.12
133,2016 Ford Explorer,5X9V7PRPCUB3ZLYZW,25401.19,28633.58
178,2018 Ford Maverick Hybrid,85C4WTTR63G6DK80F,38326.25,44188.65
160,2024 Ford Expedition Hybrid,52L8IIGT5G62SCGF7,36593.49,43082.08
2,2018 Chevrolet Silverado XL,584QCRHV5SE7UVY7R,26801.45,32075.79
101,2023 Toyota Prius SE,QYRFJGCH45DFJIV86,17383.93,19017.01
79,2019 Toyota Tacoma,THEOYAOA84556TID4,16541.31,18922.24
78,2018 Toyota RAV4 Limited,VFEY8WP4L8OYH2M1B,42782.1,47355.38
125,2021 Ford F-150 SE,KVVI31FMDWEO7X6M6,28657.37,31392.86
101,2018 Toyota Prius SE,7FLJG88ZO3PWO2A08,15104.02,21963.27
143,2018 Ford Mustang SE,LP3UM3K1WEQCWTAG2,21110.38,22437.77
73,2023 Toyota RAV4,2230O7IZJD5YBVROK,27588.45,29981.45
37,2021 Chevrolet Impala,NT3WVFGLR8A5CLFID,35645.09,37202.43
72,2022 Toyota Camry Limited,DPVTD8FPCUE0QZCVV,32812.02,34561.4
136,2021 Ford Explorer Hybrid,5E2TDJZ901JR31TL6,15182.61,20668.86
132,2021 Ford Escape Limited,TD69592YPUEKGCFIK,33710.32,35772.68
63,2019 Toyota Corolla Sport,399KOM6TX6SKPUE2R,35818.6,37932.87
66,2018 Toyota Corolla Limited,RY56MTMMZ6SHQVVP6,31598.88,34722.69
45,2024 Chevrolet Blazer Sport,0JBUZ7DJAB1AADEA6,33043.44,35159.17
88,2016 Toyota Tundra Hybrid,B89SVF12ZPZF76UMO,25599.3,28655.61
52,2021 Chevrolet Trailblazer Hybrid,SB421ANX3IUX2HYJJ,44880.04,47953.76
151,2018 Ford Ranger,FYNS8FDYC6HDVS8E9,37759.69,44700.06
33,2017 Chevrolet Traverse Sport,2SCNH3EU73A7PXI75,16778.88,25931.67
141,2023 Ford Mustang Sport,11VRJTCTALRWZ5TD7,19543.89,20996.14
122,2018 Ford F-150 XL,8C8MU94ZQ9UDX85CW,37451.23,47148.1
59,2020 Chevrolet Suburban SE,Z0VRI1XQUX36YSPBJ,44565.7,53103.85
67,2020 Toyota Camry,7P1XRHQHZ8DYM36O1,31030.94,33873.13
180,2021 Ford Maverick Limited,R8AZEZH2S9873FLYY,26358.73,33111.76
10,2022 Chevrolet Malibu Hybrid,R01WQKFHI3NWC4AQD,43744.13,48615.84
145,2020 Ford Edge,LNNWLS4CL0RGY1504,26786.63,33143.01
60,2023 Chevrolet Suburban Limited,KZO0LC30OUVL1HEH3,15072.94,17601.13
6,2018 Chevrolet Silverado Limited,VXJ1H8O1S2P795NK0,21785.41,25280.96
61,2022 Toyota Corolla,JUGR539EYW71M4KRM,40130.87,45082.95
47,2019 Chevrolet Blazer SE,SCXH6O62JIGFO2371,37904.18,45689.6
56,2023 Chevrolet Suburban XL,GQPIAFB5N0U9Z0B37,24503.3,25469.94
34,2020 Chevrolet Traverse Hybrid,EMMPR2W23W6GVX5DT,40381.65,45854.21
53,2017 Chevrolet Trailblazer SE,545LK2H0M7ONZYNQQ,23455.8,29934.2
90,2024 Toyota Tundra Limited,W4AXAY8ER0Q3D1D4C,39118.71,40599.98
90,2021 Toyota Tundra Limited,FHZK4ITVLOD24FOXO,16438.51,17344.84
161,2017 Ford Expedition SE,0A2Z3Q80GORY0IXLQ,16442.66,23842.61
96,2017 Toyota Highlander Limited,PQ7Z1T4ZS5BG8S1VO,20242.59,26175.12
170,2023 Ford Bronco XL,QYBOLDU34JPZ5MY26,21192.27,21819.02
25,2020 Chevrolet Tahoe,IWUPNU5T0POSDNSBG,28784.15,37798.56
146,2018 Ford Edge XL,BMW1DAA1OJONNP9FC,24641.04,26083.5
36,2023 Chevrolet Traverse Limited,UJRWCLMFHXNQVKIWK,26800.91,31288.67
78,2018 Toyota RAV4 Limited,49JSG1DW41OPOLUZ9,28762.65,30633.44
13,2017 Chevrolet Equinox,S4QMJAXTE3WZZ64XT,38981.99,42389.1
156,2017 Ford Ranger Limited,WQA1KPM0YL2BAP1FF,17859.1,24428.96
48,2021 Chevrolet Blazer Limited,NGRXJGXYSTU6U8WNP,33114.76,36973.36
53,2021 Chevrolet Trailblazer SE,6ZAH0VM5Y59JK504K,27555.01,33822.67
108,2022 Toyota 4Runner Limited,DUC0HF5DSYI95YAHS,28606.41,34547.68
60,2024 Chevrolet Suburban Limited,DNVGCE3DRTMB36Z8C,41119.7,42204.07
64,2017 Toyota Corolla Hybrid,YQGV3O2MPWTX8IPLT,33390.65,41304.38
156,2021 Ford Ranger Limited,YCKAEZMS4RL2YCPIX,21919.96,26592.16
105,2016 Toyota 4Runner Sport,8J8W72BVQ9DGUJ90M,22508.99,30856.44
70,2015 Toyota Camry Hybrid,Z0Z787A8X25XF5YPG,35939.09,40980.1
83,2018 Toyota Tacoma SE,L3F0H4OL6LC05052Y,18427.48,26787.03
116,2018 Toyota Sequoia XL,2ZUE18CZGA24UX06I,31919.19,41592.18
142,2022 Ford Mustang Hybrid,WDUOTS2H0IX1XOWZY,17472.66,26819.3
104,2016 Toyota 4Runner XL,OHPN6VLFBAWX66N3P,31357.33,31881.94
47,2017 Chevrolet Blazer SE,RN0R08OG9QH93IJLS,29554.15,37909.69
7,2016 Chevrolet Malibu,4B0CU3L9OKW3G3NA3,44845.62,53460.29
142,2024 Ford Mustang Hybrid,SXTQLPJ1GE5SMK9XB,39480.86,49475.15
133,2024 Ford Explorer,BEZGQAIJMAIXFRRKB,43800.6,53331.71
151,2021 Ford Ranger,Q2OXHOIF7G6HD7YNW,34046.8,41944.64
95,2023 Toyota Highlander SE,SAW8S42NO6ZRMS8Y8,22620.84,26903.89
176,2017 Ford Maverick XL,UWIA2D5UXXUBGVPYJ,43772.41,47090.94
108,2020 Toyota 4Runner Limited,8XFPKXOVQNFFRPURK,43092.34,52717.14
126,2016 Ford F-150 Limited,YNHW24DDGO5AFATP5,39878.03,46357.85
57,2024 Chevrolet Suburban Sport,0BZY4D93Q2RN0QKBM,20066.58,28286.77
76,2021 Toyota RAV4 Hybrid,FNEWT1FDELG7XH98P,35498.82,42958.05
2,2015 Chevrolet Silverado XL,HH2X6MQQU5TCCMVHR,30981.13,40659.26
25,2016 Chevrolet Tahoe,VUUSGYBPOPPTWF5OY,23691.34,30607.99
69,2020 Toyota Camry Sport,J9RD0O1FD0Z0T4ZQD,36281.63,38721.02
166,2020 Ford Fusion Hybrid,FEWIQCV3EDB4AA4J5,15644.3,17852.9
98,2020 Toyota Prius XL,8T20Q0ZOCATO9QUWP,17585.89,22931.6
101,2021 Toyota Prius SE,YZCJUVKLJHLPSJGMN,34090.19,35573.27
159,2022 Ford Expedition Sport,6P2RSL5RFUTAO39PU,28034.72,35145.14
167,2016 Ford Fusion SE,MQ1EIK3N9W1MBKHOR,22807.6,25881.39
67,2015 Toyota Camry,7OV08P8U2MH5B06UG,25374.17,26200.29
4,2023 Chevrolet Silverado Hybrid,NJI3YBKZHJFCGEYPD,37698.78,38361.3
37,2020 Chevrolet Impala,C4S492XP30F9W7I54,32012.65,34164.22
125,2020 Ford F-150 SE,DM2SDDK1HGZY32R1D,29386.29,36911.1
2,2017 Chevrolet Silverado XL,8ED3EL976G1SLIKMT,24387.29,28150.82
144,2024 Ford Mustang Limited,8HA4OSFYO3NLK0T97,25638.05,31002.86
165,2021 Ford Fusion Sport,H1LCU46J2YVCS7X7P,35998.08,45057.97
173,2018 Ford Bronco SE,FAPM91X9XEZAE9K27,15026.02,20829.48
128,2020 Ford Escape XL,0DEB3XY9CZJVI8W0G,37762.35,47333.92
172,2017 Ford Bronco Hybrid,YKDPSHKMIG4MGOHW5,20025.23,25396.04
174,2023 Ford Bronco Limited,88L71NU6WX41588TC,20248.46,28306.3
20,2020 Chevrolet Camaro XL,EFG6IXE29QHA1PJSI,40252.23,45657.1
24,2021 Chevrolet Camaro Limited,V5WCK628R8QXLBKN9,15807.83,24426.19
145,2018 Ford Edge,QSMVV90XW9M2QW8NI,20637.97,30629.58
172,2020 Ford Bronco Hybrid,24OHRGCXROE7WQYL3,44303.22,48059.69
157,2024 Ford Expedition,V3ZTJ6I9O4XAEVZHN,38834.57,41960.15
114,2020 Toyota Sienna Limited,G31HBTC87M0RJCX2P,25623.08,26380.81
70,2015 Toyota Camry Hybrid,5O53O7MRSKN9KVIZD,43494.62,44136.36
80,2016 Toyota Tacoma XL,VQTJJHQY4TUAH5LQL,28506.33,35060.26
136,2020 Ford Explorer Hybrid,XJUWV299Q867M4BN0,23961.02,30717.35
48,2019 Chevrolet Blazer Limited,W1EALEBR30B3FTRCE,39446.58,45735.38
33,2018 Chevrolet Traverse Sport,HQ2Z964YJ2A0Q0RZ6,37989.98,44905.15
179,2017 Ford Maverick SE,8F5GD2A34XWZ83Z5H,36634.7,39403.16
40,2019 Chevrolet Impala Hybrid,N8WHTR9B77KFMJ3JF,16449.33,25062.23
168,2022 Ford Fusion Limited,5Q4HTDLZY95O55C0H,16946.28,21398.27
29,2018 Chevrolet Tahoe SE,SVQZJDKRMWUCWFDBE,29498.96,31876.9
49,2024 Chevrolet Trailblazer,E0X150KZ9X63Q9L45,18443.06,25347.47
124,2016 Ford F-150 Hybrid,0IKSVCMLXG2FL8WQA,40570.68,41119.52
24,2023 Chevrolet Camaro Limited,BUGEI6JCSUJ3PUG6K,44810.4,50792.26
6,2023 Chevrolet Silverado Limited,AQHDMCL9FUQ8IWTDP,44275.58,49661.01
179,2018 Ford Maverick SE,SLLAH8BI451454NP6,16762.78,25589.67
39,2023 Chevrolet Impala Sport,IGVS3UBWQ24JGJB0D,43644.49,46384.31
116,2016 Toyota Sequoia XL,5OENKPGAVR8KIHI5H,43047.81,49724.91
169,2016 Ford Bronco,4SFICXNPF1Q3TH3EA,36548.03,40620.01
56,2020 Chevrolet Suburban XL,9AF9O41BQ12ILGNAW,24844.61,27575.35
37,2015 Chevrolet Impala,4ADBB7WMEH6FSN3N5,22219.72,31378.5
136,2016 Ford Explorer Hybrid,MC74NFE6GM98KSB9V,33906.77,41166.08
27,2016 Chevrolet Tahoe Sport,6H9HX0XE56KNCR9P0,25567.95,35218.9
142,2021 Ford Mustang Hybrid,3I468AOM10JMZUV5S,34030.57,43391.4
120,2022 Toyota Sequoia Limited,GFX1IMD4TPTZF28M1,17207.78,26272.69
7,2021 Chevrolet Malibu,BGWTLITTXNOLVK471,21719.7,27605.68
60,2019 Chevrolet Suburban Limited,8OAEOM3S6EN300FOL,33412.9,34336.6
60,2023 Chevrolet Suburban Limited,JVH34OTXBWN4RWE48,25227.27,34687.16
12,2017 Chevrolet Malibu Limited,O6FHER894MDWV17NR,37094.05,44182.87
17,2019 Chevrolet Equinox SE,G3QE4W52UHXUY4SZ9,32250.16,36637.61
142,2018 Ford Mustang Hybrid,RQQ4GD0ZUIXZJTUHK,32813.28,38762.72
85,2019 Toyota Tundra,WLT0U0IP4AG8R5XAQ,32722.66,41812.39
3,2020 Chevrolet Silverado Sport,2Q4PCP7H23RH3JUGT,43153.31,52696.72
48,2017 Chevrolet Blazer Limited,NHKR8220QQI9EK87B,44130.47,44653.62
53,2019 Chevrolet Trailblazer SE,IQYUOYRKZLKOW939D,41925.72,47591.08
152,2019 Ford Ranger XL,NEI0F9KLFDLT9N46R,15357.92,16512.69
11,2015 Chevrolet Malibu SE,RSDSNDIQDUFTC684I,23091.42,25962.58
114,2018 Toyota Sienna Limited,64N8VK7FOHDXQ1L4I,32912.56,33456.21
127,2019 Ford Escape,NGWWGYWYY4PMBAX9R,35356.97,36080.81
78,2015 Toyota RAV4 Limited,IYQ04L1C6FCCZZQ99,36691.33,45591.79
177,2022 Ford Maverick Sport,1R08N1BP6OB2SQE9F,17832.12,27413.48
122,2018 Ford F-150 XL,K36JQWVYPE697O2EF,31659.34,32793.8
96,2016 Toyota Highlander Limited,J9IR34U1W5OILET1R,29896.34,30824.5
146,2024 Ford Edge XL,2D23VLFPQJDC1XJYY,15339.27,17747.84
137,2020 Ford Explorer SE,MO6O3AB3IGKCKDQUO,25452.61,34315.98
56,2015 Chevrolet Suburban XL,7BA1L8TLD79T6HXAB,29828.24,35834.78
142,2017 Ford Mustang Hybrid,129KBIKE2UWYMA2MX,28973.28,38577
174,2022 Ford Bronco Limited,AFKW79ITIX1CRO1DK,28384.45,36766.75
32,2018 Chevrolet Traverse XL,SW59MRPT8RSMTYEZ9,32199.28,33202.94
7,2015 Chevrolet Malibu,5D2HR8NN1GPAZODBX,40000.69,43157.22
102,2018 Toyota Prius Limited,O83LK8AI5IMM9CYKT,25978.54,29711.12
108,2024 Toyota 4Runner Limited,ORWG1U3FT6UOHHR8A,30175.1,34044.81
17,2016 Chevrolet Equinox SE,G1275B7PJHKJFYO4O,41289.31,43319.07
139,2019 Ford Mustang,AGWLFM877ZLIE40HZ,26553.49,33839.27
88,2021 Toyota Tundra Hybrid,LNZT9YYSXODTJR6FR,38842.73,44403.18
95,2015 Toyota Highlander SE,ONV8PEHVN846UNY0J,21407.99,29694.86
1,2019 Chevrolet Silverado,IU6GDFOS7HEXY2CAY,43479.9,48088.23
136,2016 Ford Explorer Hybrid,4JM9DU79KJ6KURXZF,33176.34,42026.9
7,2016 Chevrolet Malibu,XP840FRPDUT2KHCP4,26208.02,34134.43
93,2023 Toyota Highlander Sport,XKH5DK1HZW0KG93Z2,33954.37,41663.75
62,2022 Toyota Corolla XL,VU92DFVXFSKYVNRT6,28083.9,30972.17
27,2023 Chevrolet Tahoe Sport,Q33J9KYN22LZSR2Q9,29713.68,37305.36
126,2016 Ford F-150 Limited,96L7G77Y25I4WFHFL,17249.88,26379.15
35,2023 Chevrolet Traverse SE,1FPKOI0UHEC6U7XQF,44696.36,46992.06
18,2023 Chevrolet Equinox Limited,0D2EB3DRNSPN6935W,28319.91,36570.38
14,2018 Chevrolet Equinox XL,ZHAWOT0FTZPX25DUP,21860.08,28241.84
18,2018 Chevrolet Equinox Limited,EILUG9ULNXH7QOG0M,33817.91,39178.95
108,2015 Toyota 4Runner Limited,SSGAY7CHSKKP1C7P1,31653.66,39320.57
88,2022 Toyota Tundra Hybrid,HKID67GBYKQMSC9ID,29164.47,34721.12
135,2019 Ford Explorer Sport,YTOWSWNGMHCU2ZD45,38497.18,47566.82
3,2023 Chevrolet Silverado Sport,137MR2WHXKIGPMEJN,36926.14,40528.77
84,2016 Toyota Tacoma Limited,XNG94TWEG4FABZWFT,19528.54,26208.5
21,2022 Chevrolet Camaro Sport,I3KQ4TJPBZ79UKGF5,21614.32,28180.95
17,2024 Chevrolet Equinox SE,VNT1S8X564SBBEJ0O,37325.37,41978.52
77,2019 Toyota RAV4 SE,ZBDQMHY68S00NGLTW,17153.1,21308.79
101,2023 Toyota Prius SE,4GKJRE3YG6J742XIO,39256.11,45282.99
170,2023 Ford Bronco XL,98SGTTBV8HGIGXR6D,42320.35,44988.09
85,2024 Toyota Tundra,MOS6PPI56XYH7623A,27035.56,34922.69
59,2015 Chevrolet Suburban SE,K6YQ24MT6LPS1D3OQ,33238.21,39014.31
92,2017 Toyota Highlander XL,ZS4GJU3TFHUOXZQ1W,38940.39,39524
84,2016 Toyota Tacoma Limited,S4KRHYT9ZJ85HY7NC,42419.89,45336.15
73,2018 Toyota RAV4,09RBLX0APYPSXO64O,42437.19,49724.69
93,2022 Toyota Highlander Sport,YUCFPU47SCIW31SI1,26848.78,34670.5
6,2016 Chevrolet Silverado Limited,AIGF2LGTOUZHR423A,41200.81,44292.03
44,2016 Chevrolet Blazer XL,6W6ONBFH1PEK35SF6,20383.65,22733.41
178,2015 Ford Maverick Hybrid,0VRKXOQX1ZLWS2HFD,42648.04,50472.11
16,2016 Chevrolet Equinox Hybrid,63CY5IEZ84XIV69FL,19902.76,24751.29
32,2020 Chevrolet Traverse XL,MG7457NISTB1UT6R1,19271.46,27423.57
13,2015 Chevrolet Equinox,A4WG40EB3047JVH4G,34541.95,37677.06
160,2021 Ford Expedition Hybrid,G9CMHR0192SXA1AYR,29171.91,29905.66
93,2020 Toyota Highlander Sport,SZPVQOF0X9GOYB4IM,36155.43,38814.81
111,2023 Toyota Sienna Sport,N510YM6Y7U96L6G9Z,19894.9,22355.54
107,2019 Toyota 4Runner SE,BPJGPA80G8OWUM1ND,30616.66,32141.11
106,2021 Toyota 4Runner Hybrid,GYKA1OBFXOJQL6AQ7,20303.02,29225.22
45,2019 Chevrolet Blazer Sport,Y209ZLE3G3YXQCMN9,40754.04,44412.21
68,2023 Toyota Camry XL,E7ZTG9876R8R2QPM1,31291.49,36963.8
147,2020 Ford Edge Sport,DH2HAH30YQYID5W64,30335.67,32123.08
153,2015 Ford Ranger Sport,LKD8QQDHGRGRPZZMG,35363.97,38233.19
81,2018 Toyota Tacoma Sport,JZKAE4B5K162CTFM8,37375.31,38909.12
174,2019 Ford Bronco Limited,QX4F640RDJ8FPJUFM,32842.61,39850.25
58,2023 Chevrolet Suburban Hybrid,B041K0J3E2HKBBLV5,35398.48,41759.45
37,2022 Chevrolet Impala,JCGVTBIHJN9NZ724X,27795.52,29111.46
66,2016 Toyota Corolla Limited,FPKBDWI596T48463I,38877.65,48418.24
24,2023 Chevrolet Camaro Limited,W9LZHF02KR9I5TQEB,23384.92,33071.82
103,2021 Toyota 4Runner,ZAHLZ6470GILK64J3,20608.66,21842.67
144,2015 Ford Mustang Limited,M7JDTBEES4USX25D7,25330.54,26755.5
172,2016 Ford Bronco Hybrid,44ZWEZZ08VVHHDT2X,17829.34,23897.58
109,2023 Toyota Sienna,2J14HAHAGWAJDUZJL,35106.35,39497.84
2,2020 Chevrolet Silverado XL,LY2N6061QWJB41M1R,34352.59,36689.4
61,2024 Toyota Corolla,DQTI4RXTCLGFOL7YE,22648.51,25813.13
14,2018 Chevrolet Equinox XL,11N4BRIE0D01B8DJZ,36811.87,44142.72
38,2019 Chevrolet Impala XL,ZRJGL3BRYVI9XZ70C,40127.7,41582.06
18,2016 Chevrolet Equinox Limited,VVWDYBK3NT1Y0S65I,19550.95,24695.65
29,2018 Chevrolet Tahoe SE,F9JJFKGDF250TX0VA,25433.78,29121.43
12,2022 Chevrolet Malibu Limited,ODQY2MYKC2J781UAG,35987.55,43869.05
155,2021 Ford Ranger SE,JKTX8RNTEFK8LR3KU,37415.67,38584.05
140,2017 Ford Mustang XL,B7CNCVA60JQ3BZZ7B,42280.26,43989.63
99,2023 Toyota Prius Sport,95ZK1A8AI5CWD52FL,37596.77,45909.17
35,2021 Chevrolet Traverse SE,P9YBEBQ4OKUXMJ05D,38816.26,42393.09
88,2019 Toyota Tundra Hybrid,QQM0YM2X713R417UC,21258.13,25053.8
161,2019 Ford Expedition SE,IHYYRDV6SCPMO9GVG,30974.85,31859.2
25,2020 Chevrolet Tahoe,OCWNHXLQAXI6F6QPG,42001.37,45163.12
64,2021 Toyota Corolla Hybrid,8FREBAAPN1YFD95E6,19636.45,21871.05
62,2022 Toyota Corolla XL,J33T7MKOQJH6T9XNC,28875,30898
141,2018 Ford Mustang Sport,I9GD0BF0YW1ICRI0U,41922.65,49985.67
38,2020 Chevrolet Impala XL,AACHCYKU2C1Z4ZTUO,33440.25,41232.12
150,2020 Ford Edge Limited,ZUXSKFCZH76N93RUO,21749.99,27119.08
87,2024 Toyota Tundra Sport,TCERFN23YJS8JZIU5,28130.19,28712.27
133,2024 Ford Explorer,MZ1S5WR3G1OC4FMV3,29519.46,36620.74
141,2015 Ford Mustang Sport,417KKACEBFQ5MAGWQ,21058.42,29957.99
31,2021 Chevrolet Traverse,FNQIQYDBGYQ5IF90Q,18620.99,26251.78
140,2021 Ford Mustang XL,XDAGWGG60ZCUYUKA7,21645.48,30596.34
156,2018 Ford Ranger Limited,TTL1UCR96ZF18BMVV,22991.78,24663.86
57,2017 Chevrolet Suburban Sport,VBEQDF39PMU1BE7F6,16720.59,17685.34
131,2020 Ford Escape SE,F28DC6ZGV29RZ9G3A,26649.21,31732.24
111,2018 Toyota Sienna Sport,9SOOQRTK9A8FUZLEO,29179.88,31931.41
132,2015 Ford Escape Limited,RJTI9QJTOSGYPRGGC,35005.18,35523.4
83,2024 Toyota Tacoma SE,9QPW4YVH0LS72TUPT,28154.37,37530.16
3,2016 Chevrolet Silverado Sport,LHM8S3NDXYAI8AZ55,27617.87,28773.63
120,2024 Toyota Sequoia Limited,R3761XU3NIROQG2RP,41826.38,43690.5
122,2024 Ford F-150 XL,3LCZPRLU8VINBFL0T,43881.95,49714.75
97,2022 Toyota Prius,CINZW985J5W7KASAG,37874.08,40283.1
138,2016 Ford Explorer Limited,BLQOWR3NS6C0O3VS8,36425.96,43833.12
10,2020 Chevrolet Malibu Hybrid,M9G5RQ5T9HB0ZEAQD,38997.8,41225.87
169,2016 Ford Bronco,XC8TR8FW14OT832A1,25610.49,34718.34
123,2023 Ford F-150 Sport,1E62ATFHOSSTSZGEV,38625.53,39183.58
17,2022 Chevrolet Equinox SE,KKJXRXX9ER889MRE3,19986.3,23966.04
90,2015 Toyota Tundra Limited,4MQKPXB244C2IB9WM,42512.4,50245.6
164,2022 Ford Fusion XL,O8RTYZOO998I7G8RL,32122.15,36686.81
104,2019 Toyota 4Runner XL,BARDKQY015L57U45R,35737.67,41725.76
172,2015 Ford Bronco Hybrid,DT0ZYNED70GH9MQIK,17230.51,26628.69
61,2019 Toyota Corolla,XM2ZML2Q5MGHAPNHV,43993.59,48631.51
97,2022 Toyota Prius,429IIVHC5B4TMRLY0,20631.12,27469.29
58,2024 Chevrolet Suburban Hybrid,NY6C101SRDFXR3S1S,23965.16,31107.5
45,2024 Chevrolet Blazer Sport,WEV4I4L2SCCNLV22C,41135.9,48807.87
170,2016 Ford Bronco XL,LYJDKDY52R2MIYJF1,36676.16,43072.88
114,2018 Toyota Sienna Limited,M0KSB373MG0TUO1SB,18078,19997.9
162,2016 Ford Expedition Limited,E4P318JP7ZAPZABOX,35323.25,39875.46
34,2019 Chevrolet Traverse Hybrid,7J23FDWGG8V9UV67U,15608.35,16953.4
88,2016 Toyota Tundra Hybrid,GHRF8SWCZ2CXDDPLG,37633.24,39945.51
36,2015 Chevrolet Traverse Limited,8QS9P7PAX3K7OLMSA,37317,44256.59
169,2015 Ford Bronco,W23Y7DGK1EETVLUJ0,30679.94,34641.93
96,2021 Toyota Highlander Limited,MMK198AYNW0I5BE8G,43321.98,50901.83
128,2020 Ford Escape XL,WZBH5JNIQ3BO6GCL4,38804.66,44031.9
42,2022 Chevrolet Impala Limited,8PTA5E78WCMAWFHVO,16274.37,19676.9
25,2024 Chevrolet Tahoe,I8NWYI94WHG3TDHAT,31179.4,37392.35
46,2021 Chevrolet Blazer Hybrid,5DDD8WATF0QRXGDDV,16023.36,22701.12
4,2019 Chevrolet Silverado Hybrid,0ZECMP04TKHSBQ15C,41526.81,50307.05
112,2017 Toyota Sienna Hybrid,6DDJK4Q6X7RCOS8NH,20815.57,30574.03
40,2019 Chevrolet Impala Hybrid,NYRFHOJA23M0W4ECP,37053,38782.09
125,2022 Ford F-150 SE,KY46B3JEG8H8S1INA,33440.14,37725.36
12,2022 Chevrolet Malibu Limited,W5HVCC1R33RGT2M0H,25367.13,29608.05
142,2020 Ford Mustang Hybrid,D7X2KWGETGBEH4CRM,44671.55,48797.54
162,2017 Ford Expedition Limited,02ZKB4DHEAREDZNTO,42664.09,47962.83
74,2018 Toyota RAV4 XL,UVFQTJFFKBL9EL0O1,31882.51,41248.27
44,2015 Chevrolet Blazer XL,ADMA836DOTT9O8OMA,22260.94,30181.71
129,2022 Ford Escape Sport,ZUZHBC7ZC8U1SMLW0,24991.54,26780.77
100,2016 Toyota Prius Hybrid,8895UKVY58BCKEEP0,21176.61,25145.03
15,2023 Chevrolet Equinox Sport,2ZSP4B891B8LRP6U8,23717.66,27870.74
141,2018 Ford Mustang Sport,NUXHFWOSHGN4M1LDL,32723.4,40573.82
147,2016 Ford Edge Sport,Z6XXRF6H4N2PL6QTI,40371.7,44519.75
100,2023 Toyota Prius Hybrid,3WHK7L5K1K7TJOCQ9,29158.27,36871.25
80,2015 Toyota Tacoma XL,0A4LF7AK37BMQAM9I,33271.71,39239.16
150,2018 Ford Edge Limited,M9HB054QIICWH2R6Z,38308.47,44451.56
41,2021 Chevrolet Impala SE,HF94K6599IR5OZSQQ,26886.65,29078.91
115,2022 Toyota Sequoia,IF3OM4OD0V2UR43MG,39718.04,40556.67
180,2024 Ford Maverick Limited,DQ6BUR0I9SCYJJFV0,33659.15,42631.15
7,2015 Chevrolet Malibu,E4J236UU690WJ00YH,35920.45,37325.46
45,2016 Chevrolet Blazer Sport,NV7US5YNDGO4960PF,22145.58,23571.97
98,2015 Toyota Prius XL,YZW1GQ08ALO6TECLM,24690.48,26613.5
107,2022 Toyota 4Runner SE,9VPQPVNUCYXDIVVRC,27319.41,31707.83
168,2017 Ford Fusion Limited,Q7L38G7WXLVD438L6,44498.3,45793.75
50,2021 Chevrolet Trailblazer XL,APY58DRQ8M070MY8V,23026.85,27291.93
50,2022 Chevrolet Trailblazer XL,5PJ76AS80EMQE18R5,26085.09,27822.53
115,2020 Toyota Sequoia,C8ZRH03PVMY7J8UXY,31316.79,35152.99
20,2016 Chevrolet Camaro XL,SKEJ2MIRROQ2IP2UJ,39901.45,41911.04
124,2021 Ford F-150 Hybrid,LVEU6P1C01A7YZ7RQ,17348.89,24422.9
101,2020 Toyota Prius SE,VQ52I1YK8714RMDBE,17188.04,20164.51
179,2021 Ford Maverick SE,0OAO84BKO77Y0E96O,26436.53,31942.89
176,2017 Ford Maverick XL,YTMLN8ADC16YCQ10N,18592.67,20738.08
17,2019 Chevrolet Equinox SE,4392RZHYJH9U5PZL7,41182.8,42834.13
2,2019 Chevrolet Silverado XL,Q3IF220S0A9OL4PFQ,23480.65,24927.89
171,2018 Ford Bronco Sport,I8IBEZHEOWQKV0BRO,43161.11,49086
90,2024 Toyota Tundra Limited,B01AEGP4L42OJKHKH,27745.65,37129.22
32,2018 Chevrolet Traverse XL,A31SG56P6QEEPC3JX,34705.79,42777.41
165,2017 Ford Fusion Sport,DK7QMHX99RTP4DVV2,41120.4,43864.5
83,2017 Toyota Tacoma SE,X7VL80F0B8T6EQCMH,22221.15,31687.14
5,2022 Chevrolet Silverado SE,MR3OGKV3S8TXC4XJ5,31810.63,40457.07
146,2020 Ford Edge XL,QMG1YMKRV9ZRQHF7C,19533.04,20337.61
93,2023 Toyota Highlander Sport,9HXXMATB1Z1EGLJ3T,19352.18,20077.73
133,2019 Ford Explorer,OGWX609WFXIGJXHKR,16082.53,17616.46
60,2020 Chevrolet Suburban Limited,6X5QH5KQFJFZ3JCB8,17374.52,26666.37
137,2024 Ford Explorer SE,46N9L4UH4N8XYN0JN,26066.06,34075.39
180,2024 Ford Maverick Limited,8GGWI72DNHQUHPH0Q,29618.2,32987.87
90,2019 Toyota Tundra Limited,J93CBN0BEYARR7N8Z,29805.5,30766.61
71,2016 Toyota Camry SE,RYRU71APB3TM91SBT,39898.36,43636.64
110,2023 Toyota Sienna XL,S9BJDCBU5M28AATCZ,37977.49,45631.68
96,2018 Toyota Highlander Limited,PQZNHDBAD2UEC9N3D,36669.95,42667.39
56,2019 Chevrolet Suburban XL,AMG1NSRH350HIT816,21194.27,28618.41
147,2015 Ford Edge Sport,S9KWFNMBCRODRZM9L,33221.97,38593.05
106,2017 Toyota 4Runner Hybrid,T0RCAP8SDDZC4SP2B,44873.02,49832.47
108,2024 Toyota 4Runner Limited,9OPGWXFPJ6KZ8NYU8,17323.32,20165.18
124,2018 Ford F-150 Hybrid,SVKA3JGEYRNWIGAR9,41752.52,49305.36
79,2023 Toyota Tacoma,0UGBR847BXNMYTYEY,16918.11,20088.58
167,2023 Ford Fusion SE,WWTEDTVD3B24C5L1S,28104.47,33498.11
44,2015 Chevrolet Blazer XL,NO4JUMQTAX0QFB3FN,18477.52,27798.27
114,2020 Toyota Sienna Limited,5UMMUJ8SOXY4PC6XY,31616.78,39493.51
76,2023 Toyota RAV4 Hybrid,NTRCK8OISYXY1PT87,24430.05,29168.71
71,2018 Toyota Camry SE,FENP18L1JSVU714Q1,20714.53,24957.93
102,2021 Toyota Prius Limited,D88KVI3BBQZ0BGQ14,28092.68,37244.03
17,2022 Chevrolet Equinox SE,DKUCX6OOCUNLKAU0P,29676.63,39559.22
80,2017 Toyota Tacoma XL,7WY700OO8HDNRA7YW,18960.21,26420.66
71,2018 Toyota Camry SE,T6NPPEOJF72ICSJ61,25366.57,26977.93
93,2016 Toyota Highlander Sport,FU3HQ6BKXC69712AE,25496.46,27160.93
108,2022 Toyota 4Runner Limited,9AU0RR7KYWJENRR53,16750.96,17678.89
60,2018 Chevrolet Suburban Limited,ADRPJ7OI4KRJ8XPWZ,43892.53,49070
39,2018 Chevrolet Impala Sport,26ZCFO03KWCHJZRTH,32641.85,40853.86
124,2018 Ford F-150 Hybrid,90WFA3IODC8BFUOBB,30690.89,36550.28
79,2019 Toyota Tacoma,HZQY7B7B9V68L7W5M,41939.95,44863.24
168,2019 Ford Fusion Limited,JPYCCVAFX69O2YOON,36938.57,42953.51
124,2023 Ford F-150 Hybrid,UWB5VSGWUONQVTJKG,41915.94,50304.41
153,2016 Ford Ranger Sport,FL2BRS1JE7JRZK8TS,18607.56,24033.29
19,2017 Chevrolet Camaro,3D0RADI55W44JDBQ8,44316.41,52445.31
47,2015 Chevrolet Blazer SE,P0ZQPZPWA5J6P47U1,15636.23,16681.3
88,2018 Toyota Tundra Hybrid,40G0QPZULS9K45B6P,31928.81,33300.64
30,2015 Chevrolet Tahoe Limited,287S7N9BCI5LBFLJ7,17416.91,25765.23
92,2021 Toyota Highlander XL,U93OJIDQAM65NQAG9,25512.8,31524.28
120,2024 Toyota Sequoia Limited,30GEND049XBM0DDEL,31071.11,34337.24
174,2024 Ford Bronco Limited,F407OZ37V3XRIAI7Q,23085.22,26871.54
21,2017 Chevrolet Camaro Sport,KPJJNJX5U2V9G66WE,44869.73,50566.52
85,2019 Toyota Tundra,665IAGCRN1EM68YJN,38919.59,47714.95
149,2022 Ford Edge SE,Z56A8GS7SQEZIMVPQ,16727.61,20299.01
65,2018 Toyota Corolla SE,ZNYY9V9WMRPOCQC1M,36026.67,40504.82
110,2023 Toyota Sienna XL,7PCUEG9YS8UY2XXLT,16782.47,17600.58
8,2022 Chevrolet Malibu XL,6GU66KLMG1HEJ9KY7,42428.19,47959.97
148,2022 Ford Edge Hybrid,BCV3V0S4981B0YT4J,40228.5,46868.45
102,2022 Toyota Prius Limited,ZD1UG08X7BNK50WOX,40623.24,43693.12
174,2016 Ford Bronco Limited,Y9XLAFA3S0XR0H9WU,18324.87,22955.26
127,2023 Ford Escape,4BYI6CTMKIN7I6XO2,33854.82,39611.56
178,2019 Ford Maverick Hybrid,WFKWXPJU86B5VXKSA,27853.39,36909.11
64,2019 Toyota Corolla Hybrid,BY5UVOS5TM0PH86YY,25186.11,27282.16
94,2019 Toyota Highlander Hybrid,BMTPMNARE179ACTVY,38077.2,39455.66
20,2021 Chevrolet Camaro XL,HQAM0V9RKHK9Q5FL9,41893.15,49513.96
109,2015 Toyota Sienna,N7KKX1KYO9XJ1RZKO,41034.8,44728.66
137,2021 Ford Explorer SE,P7AOWWNLK5KJ0HD40,36987,42480.58
104,2015 Toyota 4Runner XL,995TLK5LG3WXA9T88,28944.91,33273.53
83,2018 Toyota Tacoma SE,AN0FWI2UGCHUFZ3PP,21859.82,27591.61
159,2018 Ford Expedition Sport,QKT5DRPQSV9P0805H,17788.62,21136.55
104,2015 Toyota 4Runner XL,UJEBVA7E4Y13MVIPV,38362.13,44357.67
54,2016 Chevrolet Trailblazer Limited,XUD3YJVT3X3A04XMP,44771.95,48993.03
108,2017 Toyota 4Runner Limited,PSX3IKGVX94SX3POL,28059.96,32711.02
126,2020 Ford F-150 Limited,1DR8WWKO4A9RXIEG7,32789.2,39247.62
2,2016 Chevrolet Silverado XL,LVULUSEADS668BPYE,44255.06,44771.36
155,2021 Ford Ranger SE,BPAW3KZMR1HE4VQDB,21060.45,24478.26
74,2022 Toyota RAV4 XL,57EEDJUCIO2ASARV6,25808.68,33912.66
82,2018 Toyota Tacoma Hybrid,R6XBEPXFEA6A7QJP4,23402.72,26605.17
121,2020 Ford F-150,H3K4PE9SDLPZVG88B,27220.12,37146.31
88,2022 Toyota Tundra Hybrid,735KWHX7SJU15OMKM,37785.46,41863.48
165,2023 Ford Fusion Sport,K1J9U5KDRHDGD5UCM,30551.61,37483.8
179,2021 Ford Maverick SE,05QW6EQ3H9PN97XHK,22906.05,27556.14
108,2020 Toyota 4Runner Limited,NW3MP5BEHGWZFZE1I,34265.37,35375.41
124,2017 Ford F-150 Hybrid,S99B069PWX4IHSWT3,22547.14,32452.15
159,2023 Ford Expedition Sport,291INXHY8TFDE4C3R,35679.96,45407.11
51,2024 Chevrolet Trailblazer Sport,X5W920IH0MRN10VOI,27184.16,28923.24
22,2018 Chevrolet Camaro Hybrid,WLE1KAH8STH699LT3,32992.16,36006.51
44,2017 Chevrolet Blazer XL,UIBCA5ABA95TC2F1J,43621.78,46692.95
51,2024 Chevrolet Trailblazer Sport,78K1FQ1NM6FUUZV1A,29277.39,38897.84
124,2015 Ford F-150 Hybrid,EGH37DOSI4BUHBT8O,27204.74,35368.96
156,2019 Ford Ranger Limited,D15JHHSDG41MGW3SD,22234.69,31855.15
106,2023 Toyota 4Runner Hybrid,E3S8KDD5RD6QZFUUI,17038.25,26353.86
31,2018 Chevrolet Traverse,JST7MPZWKDWKZJXQB,34078.58,34872.08
161,2016 Ford Expedition SE,2F8EB08R1RKEPPF4T,41762.32,46878.78
54,2023 Chevrolet Trailblazer Limited,XYKWIURHLE1MFE6O3,20312.88,22241.48
31,2020 Chevrolet Traverse,RXN8ZTZLCLXUS0UIE,27266.02,31647.42
175,2015 Ford Maverick,D7MO2OTJ4K0TDGC1E,42609.33,50679.14
20,2019 Chevrolet Camaro XL,KD1CH4L6KTQ3WO8VK,39269.01,46617.92
18,2023 Chevrolet Equinox Limited,VYZP6078UTHZMKTIG,37046.27,43058.24
150,2019 Ford Edge Limited,PB84PM0PBBPS8OQ46,18089.21,20512.71
12,2017 Chevrolet Malibu Limited,HT462O1QTUDXG9KFI,39043.42,40927.27
108,2020 Toyota 4Runner Limited,23GPTLD7NOH6GQWP2,42570.72,46915.72
146,2018 Ford Edge XL,EJP1G6N3MGMPO017C,19905.47,21023.06
52,2022 Chevrolet Trailblazer Hybrid,HHKIAIQHPPS8O6VR9,19373.16,23294.58
116,2017 Toyota Sequoia XL,Y8E4ADJ7AB8469NY0,31039.94,31947.34
114,2020 Toyota Sienna Limited,1L7UFTE3DR1GXDDBD,28720.33,32539.08
175,2019 Ford Maverick,6XYCTDF0HASF3EEFT,31626.92,39111.04
93,2024 Toyota Highlander Sport,FVUFROFUF4BO4WOQK,36797.16,41978.51
42,2020 Chevrolet Impala Limited,BIKHA01A76TPTVZO5,35625.19,44133.19
166,2021 Ford Fusion Hybrid,YGYY3O7PHDG3CLQUA,25683.82,26546.9
42,2023 Chevrolet Impala Limited,BZJ9RB19IS3MUDWJI,33690.8,35650.95
148,2022 Ford Edge Hybrid,ZPJ29YXC20RS383YL,33233.43,40739.3
93,2023 Toyota Highlander Sport,BQRMJ5NTTVKS0S30O,39674.69,41016.86
18,2019 Chevrolet Equinox Limited,87JP0L1Z60IONOJ78,22542.73,28915.81
17,2016 Chevrolet Equinox SE,ZUPVVOZ4ICSVLIMOC,44288.95,53931.67
81,2021 Toyota Tacoma Sport,QMS9RQDS4V7IVKJ34,34630.4,40634.45
142,2015 Ford Mustang Hybrid,6CKFA8F372GXZS40L,25202.17,34608.27
133,2024 Ford Explorer,96I7Y3DBKM73UX8K9,41834.76,45187.41
77,2017 Toyota RAV4 SE,00XYS6X60NL4WLVDO,35336.35,39091.57
73,2024 Toyota RAV4,KF79KAQUHUZ70SSEJ,43576.9,45478.95
112,2019 Toyota Sienna Hybrid,9U5HNCQNOQO9BZ86F,20596.36,23883.93
29,2023 Chevrolet Tahoe SE,JKIKA89GAXJSQDELJ,33303.27,41450.11
90,2016 Toyota Tundra Limited,NJFHYGSRFKXZ1RBPP,42400.96,50274.78
42,2016 Chevrolet Impala Limited,SNQA4AV36R9657SZD,22202.91,24826.12
7,2018 Chevrolet Malibu,AFOLZ4C6TTP7ES2VT,20861.8,24075.88
94,2024 Toyota Highlander Hybrid,Y448HPOMFPHNR0KCK,36185.92,37322.77
45,2019 Chevrolet Blazer Sport,8Y8SB73V2N8NZRXYB,20401.66,25935.79
159,2017 Ford Expedition Sport,9I0O21IC02VEJCKFU,20951.58,29707.07
103,2018 Toyota 4Runner,EZL6U1K3OJB4BU4E5,30011.04,36383.96
75,2015 Toyota RAV4 Sport,X6QK3O7QUS2ZPMD0Z,22322.4,30442.73
110,2015 Toyota Sienna XL,Q16CZG2RO6KMTC6JZ,35785.24,45454.94
2,2021 Chevrolet Silverado XL,7MGUE037IW5YMXZW1,17870.99,27555.21
156,2019 Ford Ranger Limited,MGW783VX5GM0IA1IV,33027.08,42472.83
89,2016 Toyota Tundra SE,S06SNLSU4JYG1DXUI,35004.59,37964.23
168,2018 Ford Fusion Limited,JVB65WFRVD005NWNI,44597.51,53872.29
63,2021 Toyota Corolla Sport,3TWNKINCQHVY56BER,15586.93,21319.29
69,2020 Toyota Camry Sport,3NJEZSZFD4M9J95MP,17423.11,18500.64
153,2021 Ford Ranger Sport,PSK0FZKC1ZE2YKNX2,24010.19,26776.81
18,2019 Chevrolet Equinox Limited,1LY6EKK010LC9B99D,26119.82,31247.03
75,2017 Toyota RAV4 Sport,NC6ZY11WTXSDZW56Q,24219.72,29997.02
135,2024 Ford Explorer Sport,5H0Y2UZ9HTJEEY850,36838.99,38087.94
71,2022 Toyota Camry SE,1H8CLEXTRQABBAYPV,15504.39,18880.83
63,2024 Toyota Corolla Sport,6EED1UHUQMPXSS0B8,39440.77,40520.89
133,2022 Ford Explorer,LM1TKX4Q82S8UXPGL,19633.53,21260.05
129,2015 Ford Escape Sport,V9R2AZRRVLVJKFHZO,38503.41,40951.67
124,2016 Ford F-150 Hybrid,CVW8RIY8L04O4C6U7,38766.88,47075.79
80,2021 Toyota Tacoma XL,QVM7A3KHSN8BQ0DFY,24960.36,31157.6
94,2015 Toyota Highlander Hybrid,1FZDMTVA2S6HD3LRU,25540.88,27187.04
27,2023 Chevrolet Tahoe Sport,WBGKHG4XZBZSPRBUQ,30209.54,31457.42
53,2019 Chevrolet Trailblazer SE,TF0DF7NHR882RVXTL,39649.27,49452.21
156,2015 Ford Ranger Limited,AF9QFBG1ZAF8ROHGV,20926.71,26097.89
94,2022 Toyota Highlander Hybrid,D5PKP2BL64YIQ9Z8O,22567.83,29208.59
76,2016 Toyota RAV4 Hybrid,U4JE7BZGW4NILNN2O,44857.55,52292.36
111,2018 Toyota Sienna Sport,MT3LQ87NJJ4VNRL66,36108.74,39339.47
18,2022 Chevrolet Equinox Limited,LN741GEESJRJZ1XT8,29429.35,37915.15
57,2023 Chevrolet Suburban Sport,EKVZFURDBEJGDMRHA,22055.07,30377.8
102,2018 Toyota Prius Limited,QPEXY70UHJBYWMDE1,39505.09,41043.49
23,2023 Chevrolet Camaro SE,A4KPHPMC6OOJ1QB8Y,26194.06,35845.08
135,2024 Ford Explorer Sport,I8QED1VI4CQM04F1F,42357.82,47434.94
171,2021 Ford Bronco Sport,O4KYXD3UEXWQAYG2Q,21646.96,24947.47
161,2021 Ford Expedition SE,A6CN9776JZTVH7YVS,21846.47,23638.42
54,2021 Chevrolet Trailblazer Limited,S2X8T3TDMFQU8U3OX,27849.11,28448.29
30,2023 Chevrolet Tahoe Limited,GP0OJK1347YP0KCUX,24154.91,32004.08
145,2022 Ford Edge,3D9T2QN2ECCL4CN3N,40972.09,45537.54
7,2020 Chevrolet Malibu,TRNOU5CRJVC77P45P,29914.93,31271.44
65,2016 Toyota Corolla SE,QK4E0S6BB9MIQU0Y6,24609.98,25287.6
1,2017 Chevrolet Silverado,QZSB0UHX32QNBCH4X,18603.28,26943.93
173,2019 Ford Bronco SE,MFKETFHHXK4X1GDEW,20631.4,24660.48
2,2016 Chevrolet Silverado XL,PX53DPO4N94EZBFF9,38823.13,46875.94
53,2016 Chevrolet Trailblazer SE,S434WOCG0AIOU7JWN,36765.21,42296.4
26,2017 Chevrolet Tahoe XL,N796BD38WA4NKCULH,15647.01,19183.85
78,2017 Toyota RAV4 Limited,QRTY3CNDWKSM3OA3K,19704.3,26214.56
92,2019 Toyota Highlander XL,597YBQZHU0IDO1RIQ,34341.25,42948.39
131,2022 Ford Escape SE,O4SHV2P31W2KALLZX,27522.41,34141.5
117,2021 Toyota Sequoia Sport,5UOQP60S9ET4HXROK,28471.34,32959.97
120,2020 Toyota Sequoia Limited,8T0NSFZ6L0QR5HMXG,30113.87,38686.19
38,2024 Chevrolet Impala XL,TOWR4118GZ998KKGK,44664.27,50203.98
121,2020 Ford F-150,6B1WI0YJ7KZBOL8KB,42171.95,48144.92
138,2020 Ford Explorer Limited,996H3PCVLM5REE73K,16301.94,21440.87
73,2023 Toyota RAV4,MBYDKTZ1MS9JPTYMP,43514.17,50338.54
54,2017 Chevrolet Trailblazer Limited,UWWKINF2N512R2VFX,43028.53,52157.2
151,2021 Ford Ranger,ODCXA6HY7PXT28VQ2,29245.61,35801.63
145,2022 Ford Edge,RONDNNZK8ADTBHA20,39795.53,46030.5
156,2015 Ford Ranger Limited,7AH1UHIV1P2ZUPJKC,37462.91,41431.64
131,2020 Ford Escape SE,7SBO0QY2R0FR78CUN,44913.97,49506.94
96,2017 Toyota Highlander Limited,EBA1F5DYCQ9FQYTEY,37005.98,44023.5
37,2021 Chevrolet Impala,ZIW5MMYHA22IDL12O,27123.04,31827.42
87,2024 Toyota Tundra Sport,GG3X086G2ZJ739PB9,40230.47,41759.8
177,2024 Ford Maverick Sport,V7I95W85V6LH37KFI,29727.75,32925.68
48,2018 Chevrolet Blazer Limited,EW4QDD7PHZ9NGH381,44997.2,47577.59
88,2024 Toyota Tundra Hybrid,UYCPAXSARQG55R08Y,44219.58,45161.69
6,2018 Chevrolet Silverado Limited,8T4DU3QE2WC34QBVX,35286.69,42725.71
122,2017 Ford F-150 XL,ZTWUZSJN4W2BQ7JK2,20880.69,28483.28
30,2020 Chevrolet Tahoe Limited,5NPN4KK8SPA285PSL,38623.34,42294.58
174,2024 Ford Bronco Limited,6SKO5XZWIMW2Q359F,25471.15,32708.82
95,2016 Toyota Highlander SE,Q77UH279MRK7B4LZO,17223.65,19008.28
11,2016 Chevrolet Malibu SE,DM5PDT0ZZ8X6QDJA5,17111.62,24147.6
64,2023 Toyota Corolla Hybrid,HZPYTXK618Q063SWA,43841.95,52551.28
20,2017 Chevrolet Camaro XL,0SMZI3FVMD4C3TSDN,21730.08,30647.73
128,2015 Ford Escape XL,OSI4QKM2LLUAZD8AP,18583.92,20990.02
50,2018 Chevrolet Trailblazer XL,T63QNB968GTBU6GZ5,21439.79,31062.24
27,2021 Chevrolet Tahoe Sport,PFVJ37M2UPE49AU22,39573.06,42706.42
127,2018 Ford Escape,57KSKS2RRH4SW3MLQ,41040.87,43901.43
62,2023 Toyota Corolla XL,7M6IUWCE8JXG7O8RV,36271.42,45966.56
174,2016 Ford Bronco Limited,OM42ZJKPX3ZORPQ4G,35409.83,37388.5
68,2016 Toyota Camry XL,EY7HDA3CER50V1JC1,27174.2,31268.51
85,2017 Toyota Tundra,PM66BGB23IRS5BGOJ,38224.81,44614.69
4,2019 Chevrolet Silverado Hybrid,2M5EHSUU95SNVJ2LE,39538.14,40793.52
174,2017 Ford Bronco Limited,NZRHVRAAX7HKUUPMI,31792.07,39561.15
24,2024 Chevrolet Camaro Limited,MTIEQC9QP97F31XMF,32594.15,38179.44
172,2018 Ford Bronco Hybrid,B12R5OG43FS9AJOI6,32749.44,42596.78
34,2020 Chevrolet Traverse Hybrid,NTAHLEXHQLZVJ65XD,26013.89,28818.79
54,2018 Chevrolet Trailblazer Limited,SF31FX59YDF1ZSA63,37252.03,44344.92
92,2023 Toyota Highlander XL,HT1NVLTAV9YA3P4UA,19245.66,27318.07
37,2015 Chevrolet Impala,M408JU80MT5PRTP92,43421.55,49381.1
103,2015 Toyota 4Runner,XGLTFISCPF7AD2DF8,31066.42,34887.57
47,2019 Chevrolet Blazer SE,2WS2EVKXRZ3T0QYFN,34680.36,44258.23
70,2021 Toyota Camry Hybrid,GIODJ68HW7EY4LSIS,39386.87,48677.29
68,2017 Toyota Camry XL,6QO5O1NCRJ5U9NQ5Z,27776.36,29799.15
50,2021 Chevrolet Trailblazer XL,AUCEJXILN2MY0SHM3,18770.24,27498.03
54,2019 Chevrolet Trailblazer Limited,F5XML2X0E6YA9XICA,22051.94,25173.1
16,2024 Chevrolet Equinox Hybrid,48X99CHB611ADOD3B,18870.87,26897.07
56,2015 Chevrolet Suburban XL,4DUAYQ2VWKBLQGK9E,27408.54,35237.42
164,2024 Ford Fusion XL,MZDJ673XE7FB5J08S,21828.47,28676.12
116,2024 Toyota Sequoia XL,Y05D0T8XLZVE3Z6DF,29498.35,32120.27
90,2020 Toyota Tundra Limited,D3L9RFUK741LHMHPU,15517.77,24002.54
11,2017 Chevrolet Malibu SE,SWLTEFNO8XTI2GSYV,37822,41333.95
76,2021 Toyota RAV4 Hybrid,9AGMEC8TFLI5SBZ16,40605.33,48204.13
178,2019 Ford Maverick Hybrid,FEZ5LIS1MXHUT37MI,32535.09,40395.84
111,2015 Toyota Sienna Sport,OWQAVDJFWDBAYWG68,30263.4,31984.43
35,2023 Chevrolet Traverse SE,OB6CUYS6DB1XEBSV0,38591.59,45141.36
2,2019 Chevrolet Silverado XL,F6KVF8QFE72R6O463,34356.4,36039.3
70,2020 Toyota Camry Hybrid,HV9GFFHU2KSTEM0G9,30873.29,32378.23
45,2018 Chevrolet Blazer Sport,7MGLE5047UH5T2U6J,17030.21,23104.78
1,2016 Chevrolet Silverado,H2KU05VPR2L8WPZMN,34140.15,41295.81
175,2024 Ford Maverick,65LD0UNG9LELYHKGE,42748.92,49945.87
132,2020 Ford Escape Limited,NEZU7XEZTI29C70ZP,34726.73,38086.47
23,2023 Chevrolet Camaro SE,KRUECRYVV1OI0RUN0,25481.72,33310.49
138,2018 Ford Explorer Limited,NV928LEGAVQ60WEOZ,43995.31,50679.38
19,2020 Chevrolet Camaro,FTC1UYLIY206QOW88,32841.46,36342.6
43,2015 Chevrolet Blazer,NDM6ZM3IBB37SFI3X,18717.79,21633.55
37,2022 Chevrolet Impala,3KLNG6WT4PUTBPSNQ,42485.87,52413.6
158,2019 Ford Expedition XL,PKT9UMVL2I9LN3O7K,36315.37,39934.06
13,2016 Chevrolet Equinox,0GUZELV7XQV6KGDKQ,36746.53,40146.39
4,2020 Chevrolet Silverado Hybrid,T1GLONYVQS0M1G04C,36303.31,44993.97
32,2015 Chevrolet Traverse XL,380K65PSUMDV9MSI0,28510.58,36241.53
88,2020 Toyota Tundra Hybrid,DXEI1FLPZGX81HF3U,27627.54,33069.55
107,2023 Toyota 4Runner SE,TCLF1XRTLBEH21VY8,21433.49,23573.41
16,2018 Chevrolet Equinox Hybrid,RAC7ZTNSM7Z6OZIS8,39473.88,45748.27
156,2022 Ford Ranger Limited,3Y5078F2NLZAJMNJU,39240.19,46508.6
52,2017 Chevrolet Trailblazer Hybrid,ZOLMYB0V3DSP5G8SE,43200.52,44092.36
50,2015 Chevrolet Trailblazer XL,6M72QVRY7TLSOV2LV,21226.61,29604.85
148,2020 Ford Edge Hybrid,E1E5CSBV6Q8TE5F0C,20003.87,21002.59
150,2018 Ford Edge Limited,XQW5DYTOEV2WOFKG0,15488.58,16179.9
107,2020 Toyota 4Runner SE,L29S7V7B3ZISQHS1J,15801.63,18969.48
90,2022 Toyota Tundra Limited,7TJGS9DCFLUO2DOZP,40420.02,48086.08
115,2021 Toyota Sequoia,Q9BZ1PEJAHXYL6M1T,16114.31,25852.08
130,2018 Ford Escape Hybrid,B4CHT0DHF7LD93J08,44367.26,50008
108,2020 Toyota 4Runner Limited,SAJUS668H267KLKS5,34537.66,43421.23
68,2018 Toyota Camry XL,UEEF5XKRA4YAVWJJR,19406.67,23578.09
150,2018 Ford Edge Limited,I7Y23A89GLOMW0J5Q,30534.21,34556.82
148,2017 Ford Edge Hybrid,L9TCNRCO6YE93HTF4,32546.52,41531.92
91,2020 Toyota Highlander,H8DZGNYQ59PQUBRHN,30458.98,36082.89
144,2016 Ford Mustang Limited,FNGHFIDQPQKOHICQY,16134.86,19228.24
105,2017 Toyota 4Runner Sport,NY7XCSW9TGSWMMLUP,23282.67,24314.33
109,2018 Toyota Sienna,S7OABV5A3VKFJT7FF,29006.96,32824.38
113,2021 Toyota Sienna SE,7TDJXOZB187AR9LIF,33447.86,34354.24
48,2018 Chevrolet Blazer Limited,EYR3XZ9C8VTV0LRMU,37918.61,45875.43
118,2016 Toyota Sequoia Hybrid,XAXFCPEN7QX6ASPU5,24956.35,32032.72
179,2021 Ford Maverick SE,NGGE50DAWV5XVDNNJ,23772.24,26340.21
2,2016 Chevrolet Silverado XL,M4RZ8I9DMK93QIUPJ,24180.59,29439.68
135,2015 Ford Explorer Sport,W51PIY8L4ELTYNEH2,21312.93,23903.51
149,2024 Ford Edge SE,VYQTS5Z0JJICIWYYZ,21447.76,27979.55
64,2022 Toyota Corolla Hybrid,067DLUGB02DHEV6RP,15548.71,23574.31
156,2019 Ford Ranger Limited,AA73PT4AYXHQR3XCM,39127.51,47877.61
132,2015 Ford Escape Limited,DR0PYZ8PB9XTQJWA4,25723.61,32825.89
117,2024 Toyota Sequoia Sport,RST9OWC73ALLIR9Z7,33419.12,37265.12
143,2023 Ford Mustang SE,843LVYK22JFIWQDDX,36322.33,42326.32
38,2023 Chevrolet Impala XL,HTI9W6W0DQQCHYT4X,29504.29,36909.73
3,2024 Chevrolet Silverado Sport,6ZCIZ95WZ3ZMYH4R6,39540.77,41821.38
21,2018 Chevrolet Camaro Sport,359LZ6OCX079YDYXD,38949.75,44487.23
157,2016 Ford Expedition,F21E1UBQVTPVZUIVH,17713.23,21177.59
117,2021 Toyota Sequoia Sport,NBRLTJ0ROAB37C7XK,42074.16,50286.9
35,2018 Chevrolet Traverse SE,781PJO95XO8OAHMQT,32751.77,36282.15
28,2024 Chevrolet Tahoe Hybrid,RS2RJ31ZENFWXDYUI,27357.28,31955.86
72,2024 Toyota Camry Limited,F3CUWD225BHW71Z85,26927.91,36860.44
108,2018 Toyota 4Runner Limited,RSDJQ4NZQR9Z97KF9,34083.03,41385.18
26,2019 Chevrolet Tahoe XL,JYN0YDPT3JHWKDELA,34241.3,40922.65
151,2024 Ford Ranger,HK93DQGRZ3C4NXNVY,25029.02,26947.82
85,2023 Toyota Tundra,MF17PO0GJ80EVIVT1,25021.52,32863.93
133,2019 Ford Explorer,YYC5QBXQNXLGSWGQR,30823.7,40646.79
82,2024 Toyota Tacoma Hybrid,LKE86S6WHU0P3ZGBH,27622.67,31320.86
72,2024 Toyota Camry Limited,T2BREW9EYJXJM186E,30149.4,32489.23
48,2020 Chevrolet Blazer Limited,4Y4QVBRQSFWIV9661,39968.75,43910.09
146,2017 Ford Edge XL,AKOE589DOH65SB1R1,38351.68,43269.9
44,2023 Chevrolet Blazer XL,A0PO8QNLVZKQNZEGK,29451.15,36000.18
161,2015 Ford Expedition SE,H3TW2NPB839ESAL12,25628.95,28616.17
153,2024 Ford Ranger Sport,MJ3ISYF4CL3JU7AE8,32758.68,34199.33
177,2018 Ford Maverick Sport,3QMBGX81L3HB5AIKW,30074.31,31416.95
177,2022 Ford Maverick Sport,9ZA45VWF5GX8ZIZZ3,19305.01,20158.08
104,2022 Toyota 4Runner XL,J9FREIVYEMKYYXIV3,43073.9,47112.38
80,2016 Toyota Tacoma XL,R4W17OR54LL12NSLF,43796.35,46547.94
140,2019 Ford Mustang XL,QMHDV907BJXB9QGY8,23353.01,24465.38
18,2021 Chevrolet Equinox Limited,7NPOGN8FRET8STBEV,32680.33,39424.15
21,2016 Chevrolet Camaro Sport,J352MRI54DW8CGFMI,28315.94,30471.55
144,2024 Ford Mustang Limited,R902GHHOJBOIET81Z,30579.63,33870.54
175,2018 Ford Maverick,OK3T6N5IPX8XNKYMZ,26224.03,27665.32
55,2021 Chevrolet Suburban,0B86QV7CI9E9KQOS4,32955.04,38513.12
52,2015 Chevrolet Trailblazer Hybrid,4N74DOBGU5K5JK3S0,24646.58,26217.01
34,2019 Chevrolet Traverse Hybrid,UHJ9XVKHMDK0QF372,37453.63,46450.46
44,2021 Chevrolet Blazer XL,785TELRUT5WNHXWGZ,35592.38,43214.18
103,2018 Toyota 4Runner,YY7E110UFDLBQ8MHL,36837.95,45856.62
114,2015 Toyota Sienna Limited,8XYONLGR5ACGZC74B,18908.48,25859.96
151,2018 Ford Ranger,FIGBL9RLOMA79XHF4,41874.06,50960.95
127,2019 Ford Escape,A7U2IUZEUDS8YYIU2,23335.61,33274.88
24,2022 Chevrolet Camaro Limited,B2NVMTE0G7WNFVV88,32309.99,40368.51
172,2015 Ford Bronco Hybrid,OGZNTIOYCD31XLT2A,30604.45,40164.83
125,2015 Ford F-150 SE,C7X7QIRPIMSSMHIQN,35809,38479.63
26,2016 Chevrolet Tahoe XL,AIGFJ0P3ZX2KOLSEV,32142.16,38533.83
91,2021 Toyota Highlander,PO0P6ZH5Q028QHFWP,24149.64,31004.82
167,2019 Ford Fusion SE,X25W1BN26UK3GWU78,34721.33,37744.5
174,2015 Ford Bronco Limited,UD8HKYJCA88QVFC15,40691.66,45860.09
121,2023 Ford F-150,5PQOLO4PXXJFCUI2X,38347.26,45036.34
135,2017 Ford Explorer Sport,F6ESK18UHNOSY0MJE,34429.57,39751.93
165,2024 Ford Fusion Sport,ZMRIQZVZBI202FN94,28825.48,32055.35
68,2023 Toyota Camry XL,2XLSPPEB6BWLELEV0,15074.52,23468.42
45,2015 Chevrolet Blazer Sport,4QFGQMB96RD6NQRBQ,41699.25,44783.83
179,2024 Ford Maverick SE,J4UHVIEGAG0N1J1WE,29991.81,39068.32
12,2024 Chevrolet Malibu Limited,9O8F1WUMDGWBZFJFV,28530.21,35750.83
63,2023 Toyota Corolla Sport,NXOXW5YP7HOX7LKNJ,24197.92,25445.12
166,2022 Ford Fusion Hybrid,X15Q0VXAKJRAMYWL3,29933.5,32532.43
62,2016 Toyota Corolla XL,NP5LKSUDAV8KS0QWC,18399.58,25455.14
1,2020 Chevrolet Silverado,JH2CT26G0HYMHJ6IU,37721.07,44147.31
117,2019 Toyota Sequoia Sport,DKJWWNP26YWGS95X1,19336.8,28335.92
35,2018 Chevrolet Traverse SE,T6R7GZXH4XE3LQLRM,17281.64,25722.21
107,2018 Toyota 4Runner SE,YP69JNX60VVT93PRZ,41969.32,51552.49
10,2021 Chevrolet Malibu Hybrid,21GSSIJYTYPKX34NJ,24176.33,33867.4
124,2015 Ford F-150 Hybrid,9JR2EWNB38BM5XZAM,24432.75,34373.62
67,2019 Toyota Camry,58QLY2HTMCJZR4Y6C,44546.61,45533.45
128,2022 Ford Escape XL,ZGD38HN8NHYZCV5DL,29492.32,37959.57
51,2017 Chevrolet Trailblazer Sport,QV8CAXKCR1E2MJIXR,31608.61,34076.46
99,2015 Toyota Prius Sport,LP4OR7LFSTHZVXDDR,37511.32,40147.71
138,2021 Ford Explorer Limited,I63FOXHQLL1EO0656,42344.8,51160.87
37,2024 Chevrolet Impala,1D5H4C2J19PVUZGT0,31773.63,34695.48
168,2022 Ford Fusion Limited,0XJIEF2MFHH60V824,37342.92,42752.07
92,2023 Toyota Highlander XL,CFAMZMEY6UNHAWO2C,34789.88,41227.67
154,2018 Ford Ranger Hybrid,LN7IRYWNAXRGKX3CQ,29433.23,37610.72
106,2023 Toyota 4Runner Hybrid,MC900VRCX4KOZZ5AI,20338.87,21866.93
124,2017 Ford F-150 Hybrid,DUJ3GLVLD1OYSUOGM,36178.65,42767.84
26,2023 Chevrolet Tahoe XL,PJYFKJKLDKQ99P44A,34340.42,35096.82
41,2015 Chevrolet Impala SE,VQXXT2WKUWLJJEQPD,25349.26,26802.98
73,2021 Toyota RAV4,XH7YTC3FN7MSX2C8N,21274.13,28563.84
131,2016 Ford Escape SE,3ZCQARLOFK7H31EXZ,34139.34,35515.21
103,2017 Toyota 4Runner,HWY2OLI9GB6G9NV2Y,37879.09,41916.64
154,2015 Ford Ranger Hybrid,89BA55P8ZWY5JL5F5,21777.16,27929.81
6,2021 Chevrolet Silverado Limited,LNM4XX9LWRXSC8XHY,44878.19,47772.24
42,2022 Chevrolet Impala Limited,5M4M5ITOCWK3II5LW,25627.6,32614.09
65,2018 Toyota Corolla SE,PLMYRIS2M3RGLUDMK,29336.16,35197.01
108,2015 Toyota 4Runner Limited,45HV149L2PPIG7QGN,40714.21,50664.16
18,2022 Chevrolet Equinox Limited,8ALPOVU9C3G57WIQ1,41862.56,43094.38
18,2023 Chevrolet Equinox Limited,OU9IIU8PH0ZVHDI8L,17167.8,20985.04
7,2024 Chevrolet Malibu,SRDNI3RGPBWG0FRJV,17561.39,19055.52
40,2021 Chevrolet Impala Hybrid,PL6E44ADY88OXK6UV,22899.6,24945.12
87,2022 Toyota Tundra Sport,HS9F6N2U70KRW0C0B,30546.36,37810.63
23,2023 Chevrolet Camaro SE,2U6NWY89M14N9KLZG,40702.41,41848.92
123,2024 Ford F-150 Sport,0OTF7TA9EBMREVDVK,32462.98,35252.89
125,2019 Ford F-150 SE,VB5311OQVWOQBTFYY,42498.88,46750.35
24,2018 Chevrolet Camaro Limited,PIIJHG1HZYUCMPIMK,32905.5,34747.76
33,2018 Chevrolet Traverse Sport,WSGFXKY3RH81ELFAG,19993.46,27815.36
50,2018 Chevrolet Trailblazer XL,5F4F2QTIY5JVVQ9X6,19313.38,27582.55
13,2016 Chevrolet Equinox,UHIPJ10V1X2N5Q1BD,19710.56,27517.5
67,2018 Toyota Camry,5IXJ3H8UKW5Z9UGTX,32252.5,41525.5
11,2023 Chevrolet Malibu SE,LHMYH8UOM85IZ5US0,26601.57,33823.82
151,2022 Ford Ranger,Y1QF3PVSZ06CG1NGT,29392.14,33301.88
102,2020 Toyota Prius Limited,CBDNFNUPA827R2V4K,37603.86,43925.27
83,2016 Toyota Tacoma SE,JAMBRDFUC5PMYYNJ9,16980.27,19762.25
86,2024 Toyota Tundra XL,E92QIA2KKE4O79YFX,37189.77,42831.94
101,2023 Toyota Prius SE,2XRAZ8DDUMT21BCH6,40387,48373.16
142,2024 Ford Mustang Hybrid,0WBX5982OB0QFM4YR,36684.74,46221.34
5,2017 Chevrolet Silverado SE,XB8SEXNCI9KWRJS4E,41665.59,51427.35
160,2017 Ford Expedition Hybrid,YS1UR8G77UZ6TUUBJ,28740.3,29813.42
25,2018 Chevrolet Tahoe,YIJ44DJBO7OD6UMI6,30626.64,32225.31
44,2016 Chevrolet Blazer XL,HXXOMGIAGXULSF0XQ,26352.6,29056.17
179,2022 Ford Maverick SE,IECDTNQ85T0LOM6GB,34438.23,37118.72
100,2022 Toyota Prius Hybrid,L7WS72AJIU3BB8HHL,18872.79,27744.27
138,2019 Ford Explorer Limited,DD5ICP2QMWZIQNFY6,18133.1,22128.38
169,2023 Ford Bronco,HZO298P866PZCHLOU,43014.86,47883.97
46,2020 Chevrolet Blazer Hybrid,YZNR3JZPJPRQOLXSC,33097.03,33709.24
68,2019 Toyota Camry XL,NVGHEVOJPBZUURGKT,40649.36,41556.4
32,2015 Chevrolet Traverse XL,NS3545XB1RGY3KYNW,15636.55,19710.25
30,2016 Chevrolet Tahoe Limited,HF8GVGTO01IS8BF70,30478.9,40103.35
68,2024 Toyota Camry XL,IPXRGBQYSVRPQICT1,18908.64,23728.4
156,2018 Ford Ranger Limited,DY99AX93IIEYOE46Y,21253.5,25610.66
130,2017 Ford Escape Hybrid,WVJFB00Y9K99DUEPU,34015.07,38818.93
145,2023 Ford Edge,WEULMPOVW6ZU1BG39,37227.65,46844.97
134,2020 Ford Explorer XL,CU0UKJOM3PBUKNY75,20887.93,30255.34
27,2021 Chevrolet Tahoe Sport,OJ4X04CWIMAXTTR8W,20985.67,22305.36
37,2023 Chevrolet Impala,8MXC0GTYP6VJY9NIY,17660.69,23078.7
75,2022 Toyota RAV4 Sport,YXVV6P9B0S0BV9CM3,17799.43,21133.82
55,2019 Chevrolet Suburban,URYQOHBJMFZGR37PH,29982.92,33284.56
106,2019 Toyota 4Runner Hybrid,0W4N8BLG53HKWE8YP,30155.29,39023.74
44,2016 Chevrolet Blazer XL,7WMDHWS89UETFI1ET,16480.02,19687.31
139,2023 Ford Mustang,XOS2FDN3TWK2XS5KZ,36574.23,41071.78
109,2020 Toyota Sienna,SNVMAYWC3TEKJW72J,22603.1,27844.13
3,2016 Chevrolet Silverado Sport,Z2M55IRFWQDR3ZAKU,43508.46,50453.7
157,2019 Ford Expedition,O0LQ0DIN5D2MB4UG6,29857.36,35506.87
87,2016 Toyota Tundra Sport,VZJL94PV8QVSXDX7I,34376.81,35147.75
155,2016 Ford Ranger SE,YEC68Z7JOP7U9IJMO,42549.89,49207.82
111,2016 Toyota Sienna Sport,YH2XQOE3JIW99UBJ8,26378.14,34202.3
31,2024 Chevrolet Traverse,DDNAD6MVDEYR0OQUB,35015.95,36010.44
131,2024 Ford Escape SE,A1W4Q5BTLDPNZR92F,35700.47,41926.25
3,2015 Chevrolet Silverado Sport,UYC3PO3499NG3F1N0,19837.32,26347.34
61,2024 Toyota Corolla,0EY88TYL7DUSYIDGE,35685.51,40603.13
137,2017 Ford Explorer SE,VMT83NJ0NAZUA55WY,15993.24,18889.21
64,2015 Toyota Corolla Hybrid,W2DCECU18A6T9W4VB,30565.04,31656.49
78,2021 Toyota RAV4 Limited,PFR02WBEE0UHBO13J,25331.76,32376.17
86,2017 Toyota Tundra XL,S2L7F8Q4WZWGY0492,35856.67,40268.68
147,2016 Ford Edge Sport,SWAEXCH28WQT8IHIX,41786.27,42771.83
136,2017 Ford Explorer Hybrid,D1AFHVZBODYE6FAQ9,23518.54,27630.2
152,2016 Ford Ranger XL,E231O4H8NYGJ4J90E,17428.93,18204.72
101,2015 Toyota Prius SE,U2S0QV3ZSSSL3GDR0,40776.71,43267.1
36,2022 Chevrolet Traverse Limited,TT5CVN3Y8URMDQPAY,36784.03,44460.93
104,2020 Toyota 4Runner XL,1XRZN3FGHWC84SOXB,42347.02,45392.89
147,2016 Ford Edge Sport,EDE9KXUDYI62SJRFL,21820.67,24735.44
47,2021 Chevrolet Blazer SE,4NKHEW1UVBE2C0X7U,23023.74,30600.49
133,2019 Ford Explorer,SOM2Z4CXI513FED9Z,40935.13,45943.06
108,2017 Toyota 4Runner Limited,XVJAGYIQ17PY4H3NK,34979.67,40851.15
130,2023 Ford Escape Hybrid,D49H07B9XGCGRPL4G,28276.18,28914.73
83,2015 Toyota Tacoma SE,S51IPLAW6YFRIIB91,42705.74,49295.74
81,2017 Toyota Tacoma Sport,H7F88DHOA276XMJ2D,22767.55,29531.13
74,2021 Toyota RAV4 XL,J300VJ9H6YPS7GJ7M,21275.47,25368.89
8,2018 Chevrolet Malibu XL,2VA2QFYSEM29RKOM2,16685.97,24324.65
74,2015 Toyota RAV4 XL,5LRROBBFLZCC7A5F9,15281.94,17438.62
52,2019 Chevrolet Trailblazer Hybrid,MDJE5YPMWGH93ATY9,24025.32,30430.77
78,2015 Toyota RAV4 Limited,VQD5L8BHGRU1HQ2DK,36500.19,42917.48
109,2022 Toyota Sienna,5I32GRKHEMM6OJY2U,36410.44,45076.15
151,2020 Ford Ranger,JZE8N9PQ9MYDNRMI8,17625.68,20742.43
107,2017 Toyota 4Runner SE,F043MRZJ9RO6FKFEG,39568.04,48474.52
169,2016 Ford Bronco,SZ1GG4979JGSLFN5N,24253.09,31823.74
82,2022 Toyota Tacoma Hybrid,SI02A6YEPEG5WZ19B,26454.79,34503.53
55,2016 Chevrolet Suburban,0Q2TAXXRZ3XXK4N8L,20590.72,22213.18
137,2024 Ford Explorer SE,R18X2U61XTWA1EHOI,31285.11,36879.89
151,2021 Ford Ranger,S7EFO8I8AIXNEAG8H,19255.44,27726.13
153,2022 Ford Ranger Sport,QOBHFUO2BDG313JL5,22834.49,27062.95
81,2024 Toyota Tacoma Sport,3OB0HMSH6ROALHL5U,28834.7,29681.7
26,2022 Chevrolet Tahoe XL,2UR795MJADOC0VL62,31042.74,32731.37
9,2019 Chevrolet Malibu Sport,0ZYJ5G3Q94YXOL5AH,26633.82,27310.04
112,2021 Toyota Sienna Hybrid,35FL2PGIV8RPK1S30,15168.31,21869.15
25,2024 Chevrolet Tahoe,RWQT6OCIRCEPXRFEO,38471.5,45252.76
94,2021 Toyota Highlander Hybrid,N3AEELXBPLOIXIWGH,39488.93,45717.37
31,2023 Chevrolet Traverse,OJTHKNOXCOHX63EEN,18465.38,27826.79
39,2020 Chevrolet Impala Sport,1ELMX20C1OEXMPCGX,39157.07,42119.25
22,2017 Chevrolet Camaro Hybrid,UOYQSU79L6VSURWCF,17240.38,19339.03
153,2017 Ford Ranger Sport,D048TI04KDLJVO46S,44469.12,49564.6
144,2015 Ford Mustang Limited,0JT78S5YIXTQ019OE,32226.94,42171.08
97,2021 Toyota Prius,KFD26RX6RH7SHPEGB,21677.38,26192.66
163,2024 Ford Fusion,1YEAPZUFE8VW86MIY,40657.32,45386.57
109,2018 Toyota Sienna,PX0Y6PN3D00H80IZH,40018.18,47052.53
153,2020 Ford Ranger Sport,O8GQH23GJ899AKQ7H,19865.63,25171.47
80,2024 Toyota Tacoma XL,PCZTD2QD8N7IIKDGX,35900.69,41659.94
121,2024 Ford F-150,5M7JCRRXDKJIW902F,30558.39,37920.84
141,2018 Ford Mustang Sport,AO0OX1VDAJ8GJGYNU,28910.04,37051.68
105,2024 Toyota 4Runner Sport,ZNGBYP28N3HXI1SP0,32772.22,42228.23
178,2019 Ford Maverick Hybrid,UDP8UD4YYBD1XY7A5,27671.9,31195.41
48,2016 Chevrolet Blazer Limited,LKRB64N4AMGG4LBG9,30799.8,38301.14
30,2020 Chevrolet Tahoe Limited,PD4YG61P9686F1EI5,42105.86,44901.2
44,2022 Chevrolet Blazer XL,WPBPCUBQN8XYDXJOP,27368.27,31186.8
144,2017 Ford Mustang Limited,8RVTE1SZ23KW41E2C,26823.24,35082.83
83,2024 Toyota Tacoma SE,IVA7BIAGSM7SPGPUT,31616.93,35896.24
140,2015 Ford Mustang XL,J7BIEYR0LBQ283NJ4,25167.49,29716.59
46,2019 Chevrolet Blazer Hybrid,U00CXD51G8ZIUTPRA,27862.45,32200.85
119,2016 Toyota Sequoia SE,GQQGBVEF651FWOT79,36030.26,41867.8
113,2020 Toyota Sienna SE,FS312EAL2Q3BNFSDT,29675.49,34470.84
77,2016 Toyota RAV4 SE,D1V4ODUGBJEWDGQ6C,19626.08,29487.73
136,2017 Ford Explorer Hybrid,4SOPU2P50BZUOBNFI,39871.55,47524.89
63,2015 Toyota Corolla Sport,9CH0S9B3IPK5OTAVQ,25421.37,35049.48
20,2021 Chevrolet Camaro XL,11POOO2E8OASLJBFW,38981.95,40326.9
160,2020 Ford Expedition Hybrid,1N8Z91PQOK4KMTC0H,31929.41,38187.71
19,2023 Chevrolet Camaro,RMKGMUK1BR2ZX3WRK,39388.37,40349.8
138,2022 Ford Explorer Limited,EFWSXL8MFWMGHORPZ,16546.89,26344.08
120,2018 Toyota Sequoia Limited,0IEAJSPHGM6D79Q1N,41493.46,47514.57
178,2024 Ford Maverick Hybrid,TYLBWFSV78D0Z9EWN,29823.57,31585.89
22,2018 Chevrolet Camaro Hybrid,0KMKGZ64IWR42G3IQ,37753.96,41173.83
84,2018 Toyota Tacoma Limited,U62YK7DWX29SZBZRJ,25856.26,32231.06
5,2022 Chevrolet Silverado SE,ONJ3QU3X52BI75L4D,41781.28,46096.64
167,2024 Ford Fusion SE,HY5ERA7ALK80NJ452,34929.74,40812.6
170,2015 Ford Bronco XL,2NTNIMNBM3Y55WM4R,31858.04,34199.69
146,2016 Ford Edge XL,ZWE271JXO2L6ZYWC3,18727.46,24102.73
178,2023 Ford Maverick Hybrid,M317PL5ZQ89MAP10X,41331.75,49754.73
52,2020 Chevrolet Trailblazer Hybrid,W1AIUQ3TNFV9I03D9,33377.84,36017.01
135,2022 Ford Explorer Sport,YLICZCFJKLZOAVR7H,30012.09,34904.19
116,2015 Toyota Sequoia XL,ARR6KVS8A6R6JOG8X,17537.15,23910.39
39,2015 Chevrolet Impala Sport,T6IDELL7ZYTTW6671,37562.79,42259.2
105,2022 Toyota 4Runner Sport,SUCKZN1OYRQZAEO3E,18302,22999.54
70,2016 Toyota Camry Hybrid,FTLXYAML7JW1W8VWF,27029.61,35163.9
161,2015 Ford Expedition SE,VTNST5C0QHFQHK8Y6,24303.38,27655.52
35,2021 Chevrolet Traverse SE,XFGKZX964FU3YJZ8R,34281.78,43243.59
27,2018 Chevrolet Tahoe Sport,ZLB4GJUJTTBW4ZGS2,28142.54,30582.31
121,2021 Ford F-150,J94OI2JT20OG5RFUN,17097.85,24387.23
134,2020 Ford Explorer XL,S34I961AC4QY7V1NH,34097.99,43309.02
104,2017 Toyota 4Runner XL,9NCVES10AXFG6GDF7,30143.69,36675.92
179,2024 Ford Maverick SE,ZZFG0YQ77BUU0HN2X,26073.8,32067.05
154,2022 Ford Ranger Hybrid,8KRQMF037PD78BHQD,23909.39,30058.84
86,2018 Toyota Tundra XL,KMCIVKSAP89AEPQHW,40501.62,49758.11
9,2019 Chevrolet Malibu Sport,8L3FK3T2OWZJII42O,18135.57,23532.23
160,2024 Ford Expedition Hybrid,L1VM7YRE0EI6L7PQ7,29073.59,31397.14
71,2018 Toyota Camry SE,7DJIXBUK40U71Z7V5,38863.55,43265.76
164,2018 Ford Fusion XL,TU7OICQDKAJ692ZD5,19564.29,28774.91
125,2016 Ford F-150 SE,Q5TOKKH9SWGHLOOIL,42471.68,52264.37
57,2022 Chevrolet Suburban Sport,C76P58E3U9OTDDVW7,15671.09,16551.4
66,2022 Toyota Corolla Limited,SLHTR1N3BEO6FN028,28433.46,37129.59
48,2024 Chevrolet Blazer Limited,IINNOS8MXGCXWR9TX,26666.12,30632.48
26,2019 Chevrolet Tahoe XL,MST6ZCSTU46QVXL10,24913.86,32791.99
76,2018 Toyota RAV4 Hybrid,F83YIKEUTT1PRUWAB,30386.96,31119.85
125,2018 Ford F-150 SE,MFOIYEWI4ON8I2G2J,25057.56,34623.3
143,2020 Ford Mustang SE,NV8ZNDF4HQV1UIED7,20424.86,25803.79
131,2015 Ford Escape SE,88I0NZLP22LNTQDE8,16311.31,21785.95
77,2024 Toyota RAV4 SE,9XIX9A55D6SLYCW9U,31861.67,39006.72
81,2019 Toyota Tacoma Sport,ME9YLF99YGANRH1JU,36625.53,37370.97
144,2023 Ford Mustang Limited,M8NQMKI6FJJ1QEXP1,31687.23,35017.45
176,2017 Ford Maverick XL,BVWOVPNW2HFH6FVQE,23859.98,32795.59
158,2016 Ford Expedition XL,H12SNJKLTAZ6FVOGH,32502.4,33737.64
123,2022 Ford F-150 Sport,3AWLEBS6H9AR0AJYM,28749.55,35682.39
9,2019 Chevrolet Malibu Sport,LUQBXLTZYP4NXCKXH,26536.47,30859.72
45,2021 Chevrolet Blazer Sport,BTBPHJNN5XFWG5V94,34900.87,40431.15
158,2015 Ford Expedition XL,6GG6GR4ZNXGPU7UQ7,31581.44,35188.86
138,2021 Ford Explorer Limited,KAMHZTB3V4L0Z5T7T,28603.62,33213.48
136,2015 Ford Explorer Hybrid,5I1AAB4B084QXBMC2,43663.38,49681.72
170,2018 Ford Bronco XL,GLMX5YFM8JG6BKO9C,32194.13,35163.89
62,2023 Toyota Corolla XL,GSEO4ADQW3A7A9HTQ,17861.47,21124.34
25,2017 Chevrolet Tahoe,FA112KTIMJOHRXYM7,30018.39,31965.74
153,2021 Ford Ranger Sport,07HD44VSVU5S98WQ6,31557.75,38055.67
136,2018 Ford Explorer Hybrid,D1B7CFH52TAR3M6B7,20750.96,24917.87
50,2022 Chevrolet Trailblazer XL,VEDN7B7QC9MD8MUJF,41148.62,50165.5
37,2017 Chevrolet Impala,Y3COLS694QJHGJFD8,26027.49,27866.09
106,2024 Toyota 4Runner Hybrid,QBR473MKN67VMZ08S,44893.96,52029.01
77,2023 Toyota RAV4 SE,E26DPBROLIFTNMUIM,29606.01,33653.79
52,2019 Chevrolet Trailblazer Hybrid,CG8EBVTJC79TZKMCU,37673.26,42200.83
50,2019 Chevrolet Trailblazer XL,SY0I2UD1XPA5S2FF2,34229.3,37473.84
86,2018 Toyota Tundra XL,G3SZLAU5K43P7CWWR,25878.55,35580.78
159,2018 Ford Expedition Sport,NEZ9XYCAZNV6RR4M1,44419.27,47218.09
20,2019 Chevrolet Camaro XL,93TA5PST5MMTJOD8Z,15449.37,21509.95
12,2018 Chevrolet Malibu Limited,7LWDVXAAE6Q3UFNS5,31619.16,34998.23
40,2024 Chevrolet Impala Hybrid,MQWFXYY6JYBR4ZPI8,16672.9,18089.63
171,2018 Ford Bronco Sport,S0ZHKTWZI07O96UFX,29581.31,30146.72
8,2023 Chevrolet Malibu XL,CVPQSXBUP5WAJIO2P,36766.29,43808.78
7,2019 Chevrolet Malibu,MRXSGX61RVTD53RA8,19021.66,25916.62
133,2017 Ford Explorer,PDVWQ4S5PHRZ9IOS4,33783.44,35071.8
97,2015 Toyota Prius,XXYWL5OWK1K530LJ9,16477.62,24720.19
16,2015 Chevrolet Equinox Hybrid,6KCAPXCRVSVJJ3NH0,33629.27,34171.46
72,2015 Toyota Camry Limited,O0F7QJBHG54PMN6IP,22040.45,31423.28
161,2020 Ford Expedition SE,8G6U4JEHAAWP1N774,42576.43,43903.15
103,2016 Toyota 4Runner,1YBHNOF8FP21PFX02,43364.36,50042.97
173,2022 Ford Bronco SE,AEPOZAQPFY13K5GAH,43736.7,48060.4
19,2022 Chevrolet Camaro,0NKJMX6XSZ8A83XR3,30148.41,36620.83
44,2021 Chevrolet Blazer XL,CX0I9OO3N4PDVMR5J,20355.29,21193.88
115,2023 Toyota Sequoia,SD3P5K4D69XYX1D32,37142.64,42397.35
148,2018 Ford Edge Hybrid,J8G3RYXY060W1RNJ0,31677.44,37103.34
57,2023 Chevrolet Suburban Sport,HLWQ7R5YCYT5OQ8NH,44365.95,46439.04
113,2015 Toyota Sienna SE,NL6KKT831O1XL0TIZ,42517.68,44971.8
163,2016 Ford Fusion,EHTD2W0U039WFMEDN,40607.62,47431.45
22,2021 Chevrolet Camaro Hybrid,ICDBZKTCRM1GBIE0Q,33281.1,33869.2
41,2019 Chevrolet Impala SE,Y4RQI7EKUQ84L2I3A,32656.19,39492.2
170,2023 Ford Bronco XL,FCFCZXKPQ20D9Y23I,21686.92,25943.22
98,2019 Toyota Prius XL,9XRUIV1FV0HFIIHX6,19793.53,23447.69
134,2018 Ford Explorer XL,DEVQ0XMKJ9MCUJSXQ,22697.5,25352.74
79,2023 Toyota Tacoma,EEU5A0LAQPVHLM6X3,33912.75,42233.15
64,2018 Toyota Corolla Hybrid,5SX82QFBK52THJVUG,17625.8,18363
158,2018 Ford Expedition XL,Q31T9MXCKDY8H35NT,31008.11,36340.53
16,2023 Chevrolet Equinox Hybrid,XXF7K750CSPWLBDXS,41612.41,45288.84
162,2024 Ford Expedition Limited,0YIUCMRQVJ9IM20QV,15598.05,16622.04
145,2022 Ford Edge,DXX43Q8OX2DOPTA5M,39456.69,47728.13
52,2020 Chevrolet Trailblazer Hybrid,B3JT56NK9YF17YFHP,21879.34,25511.16
21,2015 Chevrolet Camaro Sport,SMYDB9MR874ST8O0D,22128.21,29269.87
125,2015 Ford F-150 SE,GKE9OMRDN84S2BVAC,20100.86,22688.51
149,2017 Ford Edge SE,BS1RJ38T6NREUYFET,36887.68,39504.58
171,2024 Ford Bronco Sport,2J04MHNZPEBPGH126,29031.41,37275.51
76,2017 Toyota RAV4 Hybrid,K1M0LYUNO4U9STHXE,22153.54,23935.98
131,2019 Ford Escape SE,7NAUL3BIG5W1E7AUQ,40677.99,49476.83
99,2024 Toyota Prius Sport,QLJ4SG7U1ZFEA1Y5F,26262.92,30469.95
59,2022 Chevrolet Suburban SE,IF9CG0CCOIFUA7HZ2,25918.76,31122.16
56,2023 Chevrolet Suburban XL,WH018HZNM9CWM5J19,20675.98,27495.52
29,2019 Chevrolet Tahoe SE,X5CKQE2TE4Z7SEGK3,19026.93,24910.48
122,2016 Ford F-150 XL,R7JR5T5S41VGN969D,30166.59,32922.78
1,2024 Chevrolet Silverado,6A2ZCK2C5RUJIRCUL,15833.66,22045.95
165,2019 Ford Fusion Sport,XEKMXMF1M4EL57XZ0,34187.76,36061.23
131,2019 Ford Escape SE,QJWT60YDNIOH3HRQQ,19693.27,26966.58
145,2020 Ford Edge,4XWFXCCM328364CTR,28122.8,35028.53
63,2024 Toyota Corolla Sport,4K2EL00I63KRU3IRD,15791.02,18636.62
66,2016 Toyota Corolla Limited,QZ1AKCAMU2S80N184,43254.7,46351.3
72,2020 Toyota Camry Limited,F51DKN910P75TWFTL,40437.4,45729.02
65,2020 Toyota Corolla SE,8BXBDVDEDAMZTD6L7,23627.19,33033.24
58,2021 Chevrolet Suburban Hybrid,NRY3RCQV1BQKQ8MXO,42079.75,49516.11
34,2021 Chevrolet Traverse Hybrid,1LB4IXMFLUHSCFH0A,39720.94,46573.62
127,2018 Ford Escape,RQX14NP58MN7LQY0O,43876.65,46714.86
28,2020 Chevrolet Tahoe Hybrid,DJ18J1UZZ6T2Q5TYY,25261.23,30747.73
55,2024 Chevrolet Suburban,IY2RB32RUEOW6TF2Z,27128.68,36249.53
172,2022 Ford Bronco Hybrid,CGZEHLTCITQ2E1KK8,26565.04,30694.11
42,2022 Chevrolet Impala Limited,ELCUZRPEINT6BSFUG,25415.18,26954.41
52,2015 Chevrolet Trailblazer Hybrid,A3QBGSEYULKWK1V3P,25310.36,28743.41
179,2024 Ford Maverick SE,VA0EVOZYJFO29ASEO,38485.77,47084.72
153,2020 Ford Ranger Sport,71Y3TELXXWBRTH9P0,44742.42,47159.81
168,2016 Ford Fusion Limited,OCWN46F0N3CG1I1BU,33109.55,37619.96
179,2022 Ford Maverick SE,UXG8FWJ77FBRMYZU5,19025.41,19917.01
149,2015 Ford Edge SE,ETHDPBBM4NMDYOTRG,27853.79,37430.06
154,2022 Ford Ranger Hybrid,3B2QW6UDN7QZOEBLU,44271.59,49038.85
95,2021 Toyota Highlander SE,FN7MV9MGD39ULY7DL,37781.35,41311.78
145,2015 Ford Edge,BJMJ4OKVS535VLZC1,39633.51,42198.42
58,2024 Chevrolet Suburban Hybrid,YMYVRL55B6WWD3L4N,24843.9,29762.93
19,2023 Chevrolet Camaro,DDRNY4NMNJKS2N0YI,24666.33,25733.55
163,2017 Ford Fusion,18ZAQS3FWN2WCWI3C,17830.31,24330.78
89,2020 Toyota Tundra SE,J6ZM2QVQKDSBJGPVO,23765.88,31391.45
41,2021 Chevrolet Impala SE,CLAZ8Z9SNW6BCMXQQ,24825.73,25467.5
21,2024 Chevrolet Camaro Sport,FZYAHRSSQULA9XS4W,38849.49,46334.49
142,2020 Ford Mustang Hybrid,IJ75M1HM81XASHPLA,33467.08,34658.52
18,2020 Chevrolet Equinox Limited,RVMK308OYLYHKCPLH,28529.74,35151.11
121,2018 Ford F-150,HBSYG1L6QKNEYOF6D,29783.47,37576.73
26,2023 Chevrolet Tahoe XL,XYUMPHS3FFSP3Y4FM,27374.45,35323.29
140,2020 Ford Mustang XL,GWGBG1F6A1JXTWIIX,27481.95,34832.55
157,2021 Ford Expedition,B74LR6M0WLB8FDMPE,44759.89,52818.86
72,2020 Toyota Camry Limited,XG3DDYP5C7TEBY9U0,42790.33,43291.53
27,2024 Chevrolet Tahoe Sport,KZYMQ07XKCN592RD6,36985.65,38879.82
130,2016 Ford Escape Hybrid,K3ZQQIUIVTP4FNQ5I,24931.44,32124.65
37,2024 Chevrolet Impala,9SMDE1MWXMFRMM2SO,44425.88,51527.35
30,2019 Chevrolet Tahoe Limited,8X62XFALPWSQ2QKRN,26650.09,32745.94
115,2023 Toyota Sequoia,O9TPOIWLGDH1U8M2F,18684.2,21308.39
39,2022 Chevrolet Impala Sport,GRYG4RPQ8K4EL663D,29933.16,31692.31
53,2021 Chevrolet Trailblazer SE,MT9HNAH16O5J1LZSJ,17661.87,18654.95
59,2021 Chevrolet Suburban SE,XUSCBMZYEMCOPWLSG,40072.33,48865.15
20,2016 Chevrolet Camaro XL,IMIK2KRZPO9WDNOW4,31622.09,36561.07
75,2020 Toyota RAV4 Sport,QVF3HUQP2D6U8BILE,40496.35,41042.09
110,2022 Toyota Sienna XL,5GQGVJD8VYM9V8G07,32880.32,37703.55
168,2015 Ford Fusion Limited,56DR7P1ONKLRQ5FIU,19628.55,28454.75
33,2016 Chevrolet Traverse Sport,B4B874CNF06R7293W,43600.11,50609.67
12,2024 Chevrolet Malibu Limited,IJA68HU6ZUQIGIVIV,39309.86,46975.86
19,2024 Chevrolet Camaro,AEFUZQNS64AFEXT35,31501.29,39082.71
6,2016 Chevrolet Silverado Limited,0YD124MAX47DMDURO,26833.41,28856.49
166,2023 Ford Fusion Hybrid,0V7WH4XY3MJGJEP6C,19186.54,22617.48
62,2021 Toyota Corolla XL,KE846S8VNEV9TKM3B,27642.73,35071.65
73,2017 Toyota RAV4,4VOQNM50SM5DSIZNK,44405.56,50507.09
42,2015 Chevrolet Impala Limited,P3FV5AE0E7GJ4DNXO,18721.38,25753.1
146,2015 Ford Edge XL,OVTHHT7PK8B97U9V1,35048.79,44462.85
123,2021 Ford F-150 Sport,CTWIMFLGWJ5IKX8EW,18259.43,22109.35
93,2019 Toyota Highlander Sport,DE8H354SUFI7W7WHM,19802.19,28254.95
161,2016 Ford Expedition SE,F93SH2L1VJQGXOG6C,30632.15,35560.57
64,2023 Toyota Corolla Hybrid,AOROAJ232Y3PV42UU,26854.59,28040.7
76,2016 Toyota RAV4 Hybrid,5HMB80JQLM7CKJJKQ,42205.69,43166.57
98,2015 Toyota Prius XL,NVJXCOHZZW27MN5HJ,19966.76,26928.23
65,2015 Toyota Corolla SE,WMVOW6R6CQ8XPVUSW,19855.69,25440.96
121,2023 Ford F-150,SLIC7CQ2IKM8QF5J7,43834.04,49435.9
103,2018 Toyota 4Runner,KBLX2PINTQDBHC7DV,28366.35,36925.22
56,2021 Chevrolet Suburban XL,46BSDVAM4IIMYBNDN,20950.67,25723.33
36,2018 Chevrolet Traverse Limited,23I4VI7IH9J370IUL,33004.86,38140.21
10,2019 Chevrolet Malibu Hybrid,KJI3VKYI98CIMF12U,19460.58,21587.86
64,2022 Toyota Corolla Hybrid,D3IEJ9B1K78Z7OHWG,26096.39,33096.57
127,2023 Ford Escape,86QKO6IOCF335ZK3A,27279.97,30846.48
47,2022 Chevrolet Blazer SE,9E016UWSE3DKH5UNU,28546.93,29414.11
152,2019 Ford Ranger XL,RPNG2L2S535PCKOFY,35051.12,37929.69
14,2016 Chevrolet Equinox XL,XY7M8XL06HWKZM3KQ,33629.26,40927.42
17,2017 Chevrolet Equinox SE,ENR1GW8CSSNCFBI6J,38887.38,44333.84
113,2016 Toyota Sienna SE,P3UXKF8KFUQLMNZSJ,30318.68,31827.83
4,2018 Chevrolet Silverado Hybrid,GCGCVWH2KIP8WT15M,28635.56,37547.82
95,2024 Toyota Highlander SE,4Q95K7NDU7898G42W,41996.28,46856.58
97,2023 Toyota Prius,45I2WJ8GPPJI8NPWL,20507.4,25427.53
156,2019 Ford Ranger Limited,XMXDCRAXLK4WNH1O5,30522.25,36228.69
50,2023 Chevrolet Trailblazer XL,C07YSJBQBYV44SL0Z,42907.38,49676.43
61,2024 Toyota Corolla,2COGPDD5W82UWXZJT,17152.03,22940.95
41,2020 Chevrolet Impala SE,Q4WQ675ELKWU58PW7,35311.23,42471.41
51,2017 Chevrolet Trailblazer Sport,64MN92MOHHXEMUFVA,18915.52,20803.46
58,2016 Chevrolet Suburban Hybrid,I9KKP2B7JZ0IJ2I4C,28412.4,33874.14
58,2017 Chevrolet Suburban Hybrid,EWCTJX4I6PBPT3JFD,35782.67,37599.74
37,2018 Chevrolet Impala,H7BCYUY43R1T1S6PR,41693.01,43845.84
124,2016 Ford F-150 Hybrid,2DUN4CD0LBSMI8HR6,25058.69,27460.63
75,2024 Toyota RAV4 Sport,SG9YGN2BC6C7RWRAN,17093.04,17594.39
97,2024 Toyota Prius,3SQNH9UTAC0TUAW9K,22218.19,27793.06
18,2017 Chevrolet Equinox Limited,FPRE172XVVERWLG0I,36067.91,41948.9
175,2017 Ford Maverick,ISATXMZKU88QZNTAM,20919.32,21669.08
39,2021 Chevrolet Impala Sport,FS5NXX2MOU06OZ40U,18969.3,27684.67
175,2023 Ford Maverick,V017UWCUOMS07MJVP,31329.34,35891.48
59,2018 Chevrolet Suburban SE,6JCBS53ASGHQSXH0U,33418.14,39492.68
146,2023 Ford Edge XL,FL5YCWGDQZE2NLHIS,17476.93,25589.66
88,2023 Toyota Tundra Hybrid,VUUP2ANPM9WQUIASA,40220.81,49817.3
121,2021 Ford F-150,66H29E52OSBS724DY,25058.23,28677.9
31,2017 Chevrolet Traverse,SS8HLNYRSJ0Y9XBVU,20907.71,25748.65
117,2019 Toyota Sequoia Sport,RTQP3S461WN4MX599,22252.3,30790.95
175,2018 Ford Maverick,8CDWI67AQOEK82CPW,31025.88,37764.25
151,2021 Ford Ranger,8ONHWDD33CQCOVGZE,41298.93,46621.66
20,2015 Chevrolet Camaro XL,2Y6QD33B8HB2KUOPX,35559.76,44687.43
45,2022 Chevrolet Blazer Sport,K322FVK8MHB2YFXRT,26322.11,29411.73
96,2020 Toyota Highlander Limited,VBYWWX24O2FHDQ3J0,39925.23,46626.42
74,2023 Toyota RAV4 XL,CYNL664AA1DNHJQ1T,31606.95,36630.59
97,2018 Toyota Prius,D7SY48AEJVRBXY31W,29621.65,34142.03
84,2022 Toyota Tacoma Limited,JUNFWPH138SX58Z7B,34236.46,40175.88
90,2021 Toyota Tundra Limited,JK9YPIQZZVNFJWU7T,44052.02,44565.19
48,2022 Chevrolet Blazer Limited,F1RCG9ELUQHTBY0Y0,33681.44,35051.95
54,2024 Chevrolet Trailblazer Limited,SG5B2GYIYJFH6Q9KG,37406.02,44393.52
29,2015 Chevrolet Tahoe SE,KLKC3R6FT4KN2OZPL,17725.93,23263.95
97,2017 Toyota Prius,25CW7YVCJADMJ9WAV,17450.86,23471.99
47,2023 Chevrolet Blazer SE,UHP658S53XEYF2FZH,17161.51,21202.75
21,2024 Chevrolet Camaro Sport,DO9U8SPZ0TJSOF5LI,38474.65,44315.92
46,2022 Chevrolet Blazer Hybrid,KZTNAPJER8ZPIFCC3,25344.51,27121.31
71,2020 Toyota Camry SE,VCB7SR1DWBLP8C5QD,35652.36,40455.3
131,2022 Ford Escape SE,N3899K4H5G52DWVLA,16003.37,20306.61
73,2015 Toyota RAV4,P3S52S4UX3AAJFCKK,26407.18,27407.36
176,2021 Ford Maverick XL,64MD95QQK6HSBKBI0,34560.84,39818.71
70,2023 Toyota Camry Hybrid,Z77SO25F4D67FMPZX,34854.72,39885.5
71,2022 Toyota Camry SE,C6P60OW3VXYK8N5SO,40913.48,42874.18
98,2023 Toyota Prius XL,P1IR2IJ9AHTDKUR0D,35917.31,38411.16
103,2019 Toyota 4Runner,L50JAVBMNZ7VZBR4I,29765.68,33885.88
100,2019 Toyota Prius Hybrid,A3HX94UVLQ8FL97JM,39225.4,46330.31
178,2017 Ford Maverick Hybrid,CQTC7J0NXCHT0J2BB,19361.58,27076.92
7,2023 Chevrolet Malibu,I7OCZ82LZ5EZSTSMJ,29507.89,37670.37
39,2018 Chevrolet Impala Sport,LHBBYEF5N7ND3Q05N,28246.39,35261.73
138,2018 Ford Explorer Limited,B5VK4C8FGK4W7GX33,16280.97,17649.54
176,2018 Ford Maverick XL,7FL30DIKYRGYBLMYJ,35226.68,39241.19
37,2021 Chevrolet Impala,PV7MNXVHNWH5Q2N92,27258.53,32202.7
13,2024 Chevrolet Equinox,I4K5ZU9K6Q4K18CAE,38069.89,38955.11
42,2021 Chevrolet Impala Limited,P9XH82IR4HFUPKQA6,31101.59,33345.37
155,2017 Ford Ranger SE,822AV8BHK4QFT6YCE,22155.97,28157.63
96,2024 Toyota Highlander Limited,A1X8XAHVBEMEHQQM1,32259.83,36194.86
129,2018 Ford Escape Sport,S52JTIYHQ5QI1KBGG,38863.68,42689.57
106,2020 Toyota 4Runner Hybrid,O1EKQRTB4V69YB1TO,28512.79,31823.54
87,2016 Toyota Tundra Sport,SOGNKWPD64UMRIVIW,33215.41,40771.7
31,2019 Chevrolet Traverse,7CI47TC7NTBTP92JD,41977.82,46479.05
71,2022 Toyota Camry SE,2JMYWW6FPQ1OW45I5,32784.26,38914.15
179,2020 Ford Maverick SE,QUVDL0X5XO1BHXGCM,15436.82,17852.19
167,2024 Ford Fusion SE,MT9U1CLJ953GC6R7H,15144.11,19232.87
21,2022 Chevrolet Camaro Sport,TJE1U7O31OTKHHQCU,21712.09,30698.88
10,2015 Chevrolet Malibu Hybrid,EOM9GJ56O6F6F7S0G,29797.46,32847.47
136,2023 Ford Explorer Hybrid,F8VHEPPPGMKDJX08L,34430.31,35214.97
59,2022 Chevrolet Suburban SE,3BX9E9TG6M12H1GGC,40706.38,42234.15
82,2016 Toyota Tacoma Hybrid,92IXL6AMRIZPTPYIZ,40888.28,41461.4
150,2018 Ford Edge Limited,3ZYNMIJZR0GOZBD8Y,30106.67,36177.51
157,2020 Ford Expedition,JEA7961I1SA3MZPZQ,41688.9,51501.3
137,2015 Ford Explorer SE,1SC8UHCNAQPU21XPS,17346.59,19243.2
149,2023 Ford Edge SE,VY6Z7EG7BSK4H0WPA,25930.3,27609.11
69,2021 Toyota Camry Sport,ZR8UG82SWLO3B1FC5,28567.78,30724.56
3,2016 Chevrolet Silverado Sport,L120ZJZ8LCSWZ15E3,30226.86,33353.16
22,2018 Chevrolet Camaro Hybrid,KJAGHGFA0NGYPRLW0,15670.39,22194.89
67,2016 Toyota Camry,FOHP52765VK65R72A,22462.66,32236.98
30,2016 Chevrolet Tahoe Limited,N8BG9MK3J39ZQUKDS,26555.7,28355.93
153,2023 Ford Ranger Sport,T7CCA5JR6WWX3YAV5,34431.9,40103.25
67,2016 Toyota Camry,BT0OGO2ZVLASQ2W17,21658.53,25229.63
133,2018 Ford Explorer,MRWYVZOV9N83YTEEK,39552.84,44697.28
71,2016 Toyota Camry SE,XI6HEJRIMLKLBZTF1,39768.54,49098.37
38,2024 Chevrolet Impala XL,49C7IJMKZ5IVJ4KTZ,33011.2,40926.26
41,2017 Chevrolet Impala SE,ZHQZHPJ4G77Q1BQD5,16624.29,18203.2
161,2016 Ford Expedition SE,GYW0SH67HTETODZO9,20454.18,25246.23
67,2019 Toyota Camry,U05LFTWB8VF079MQZ,19832.9,23610.79
20,2023 Chevrolet Camaro XL,ZAD4XHC0MOJFZOWSH,27450.92,36931.98
146,2015 Ford Edge XL,178EUSTHV7VY79H0X,29710,36731.33
7,2019 Chevrolet Malibu,36X2H3ZBBZOM6FJ1U,16670.54,20787.23
121,2016 Ford F-150,M3IVB4ZWCN6B4NQ5N,33503.8,41596.59
106,2016 Toyota 4Runner Hybrid,P92PLFSKP18L1SB1Y,39231.41,41029.31
119,2023 Toyota Sequoia SE,7Q4YGPW44P8TUXZ5C,17325.51,21450.87
29,2018 Chevrolet Tahoe SE,I3M95PLMNQTZBPREO,38248.35,40669.82
153,2021 Ford Ranger Sport,4AMFW39I9RLXKEMLG,33732.18,35310.83
148,2017 Ford Edge Hybrid,ZKVNUEP0QOT89EC5P,16052.12,25986.08
38,2022 Chevrolet Impala XL,FR0YNC7YVTXFMFTAF,20814.66,25062.95
11,2022 Chevrolet Malibu SE,V9HCE5MOTPQGOPH9P,17271.93,20190.54
122,2020 Ford F-150 XL,4DTRCVVIGMD1W0DCL,39493.19,47556.73
165,2019 Ford Fusion Sport,QLOHJMT69N3JRPQIG,28269.11,31830.47
145,2018 Ford Edge,0TBR97T70CCEL705S,30918.7,38141.15
104,2018 Toyota 4Runner XL,EBZSQJ45F0BJ2S796,42841.79,48378
60,2015 Chevrolet Suburban Limited,TPYQ46IOXK740SX4C,15078.26,16484.21
150,2024 Ford Edge Limited,TS04BHOWGZMR3PB8D,31678.27,36554.44
120,2022 Toyota Sequoia Limited,EYH028L39Z1SRA5Y5,30350.31,32979.45
28,2015 Chevrolet Tahoe Hybrid,X7Q0ZBQ1CLO9G1SJU,29689.64,35959.84
120,2024 Toyota Sequoia Limited,TSPAMI61NMKKL3ZVJ,15849.1,24977.44
57,2015 Chevrolet Suburban Sport,QCDGI5V2335FS1W71,19720.35,25094.93
127,2022 Ford Escape,96HZJXOFA0S639M66,33822.87,40927.09
63,2021 Toyota Corolla Sport,J0CMCW55IMFSK6YL4,33602.68,42026.31
97,2018 Toyota Prius,YRH372JCSF60IQPN1,36783.73,37818.25
48,2019 Chevrolet Blazer Limited,E8TJJ2EZ60Y5FCP2L,27569.12,31504.79
69,2019 Toyota Camry Sport,8LATCP69J2PMQV7KP,32722.46,36657.72
44,2020 Chevrolet Blazer XL,4IV5E07O7VACB3QOB,22990.04,24193.65
143,2022 Ford Mustang SE,2V4O91827B770VTYW,33936.04,36397.51
50,2020 Chevrolet Trailblazer XL,0N2DGPT7490N7PR9Y,27230.92,36486.95
21,2021 Chevrolet Camaro Sport,LX6UQZT0II74ELHBZ,39670.31,45819.59
105,2024 Toyota 4Runner Sport,IJZKR3HC689NT2EEL,20093.14,26451.03
163,2024 Ford Fusion,9YR1HFZH6R9DU7DSN,21042.78,26964.51
152,2022 Ford Ranger XL,JZB3QIOUTIWW4XLV4,28466.18,36765.79
69,2022 Toyota Camry Sport,1NTJVCSIIGHTX2TXW,25894.49,28543.47
106,2022 Toyota 4Runner Hybrid,69XTGCJ17LIYHMHQI,41774.95,50841.65
107,2023 Toyota 4Runner SE,UHPJYSMB4S1QF7UZ0,16227.84,24873.02
165,2021 Ford Fusion Sport,OM2CNTUHBL0SXZTDO,23287.53,29387.32
123,2016 Ford F-150 Sport,KC6CB8JJ6VFNXZEBJ,22756.67,32368.66
163,2024 Ford Fusion,N13YXQLKAAHF7YF35,36207.2,41544.08
76,2017 Toyota RAV4 Hybrid,SPNEPETVPSEMHJVFD,39823.34,40656
126,2022 Ford F-150 Limited,5VAGREHDFU769TT7B,21708.83,24221.01
43,2018 Chevrolet Blazer,OPTGVV9JTYZF5WP6K,36347.63,37141.19
29,2019 Chevrolet Tahoe SE,NKU2PHKIFRHIVLV27,43852.07,50768.81
5,2015 Chevrolet Silverado SE,K5XB9E4VVA60RKBOB,35281.78,45016.74
115,2016 Toyota Sequoia,72C36EPZDKI4TCH0S,21916.3,27198.36
22,2023 Chevrolet Camaro Hybrid,JG2KLL1N2NPFS5QWB,28988.05,33562.35
114,2017 Toyota Sienna Limited,WWPF1D0LXJHXI2MU8,18434.25,22199.89
130,2015 Ford Escape Hybrid,J0WHY8703RQ2JB5QY,19717.9,29263.83
179,2015 Ford Maverick SE,1SO566HOFOPC61EU3,17265.51,21898.45
30,2017 Chevrolet Tahoe Limited,07Q4Q79U0XPZK6512,41124.01,43257.75
36,2024 Chevrolet Traverse Limited,YUX6255ZY6A2IXQHI,18105.03,26259.61
51,2021 Chevrolet Trailblazer Sport,D9PROZEJ4JXO4R58U,35750.82,43081.8
99,2016 Toyota Prius Sport,SSVPVMO6D15XAYHTM,30310.37,32058.25
70,2023 Toyota Camry Hybrid,3WEIB2IMFT535O0VO,26739.56,30215.33
7,2022 Chevrolet Malibu,HACSPQMHEG6JNHU3F,40333.67,48008.27
129,2015 Ford Escape Sport,XAM191BCKC9DGWFJK,19955.25,20786.37
5,2021 Chevrolet Silverado SE,KFIY77ZWX5G9XOFDY,24147.97,33194.73
120,2017 Toyota Sequoia Limited,3XOSJWGNP8SLZG9UK,33444.88,37678.25
33,2024 Chevrolet Traverse Sport,C71YGIPRDSTUCYWQU,36964.82,40143.06
172,2023 Ford Bronco Hybrid,UMNU2LYSHFTZ5DD9D,31715.09,33840.9
162,2023 Ford Expedition Limited,NOQDO3I1J604BMPNH,31707.36,37219.42
162,2024 Ford Expedition Limited,N2Q97GS56FZVR4WHX,19953.46,27265.07
45,2018 Chevrolet Blazer Sport,YU2EMDRF60NAJ9QTA,17323.98,19767.17
49,2020 Chevrolet Trailblazer,8PQUW68LS3TT8DHT5,29740.14,31680.28
153,2015 Ford Ranger Sport,00Z1IUMH81ADDDZKS,24995.1,29611.22
107,2023 Toyota 4Runner SE,SAOLUZCNZOHWXCLDR,40893,49720.93
88,2019 Toyota Tundra Hybrid,J3V54WXZJDILVWCPQ,21788.95,26856.86
97,2015 Toyota Prius,LNEWLLBVSWPD9BA8S,30105.1,31806.06
22,2022 Chevrolet Camaro Hybrid,E5XFNROVUAOPMFG2B,16207.14,23404.06
11,2024 Chevrolet Malibu SE,EL7YS7F5ALKN08P4Q,44917.83,54443.84
26,2015 Chevrolet Tahoe XL,77LEX4KR19ODTRCGD,27381.81,36502.18
118,2018 Toyota Sequoia Hybrid,W9LKJYGFBGTVK2OVC,28665.23,32093.03
79,2021 Toyota Tacoma,XJP1ZF84DJACP7ZVZ,30761.66,38844.47
141,2021 Ford Mustang Sport,W25W4JPRPRROCAE45,37820.08,45757.65
135,2021 Ford Explorer Sport,ZVB3UF3P0H5RMWJIS,32959.31,39626.48
21,2015 Chevrolet Camaro Sport,SQDHAV0HB06EE4AOF,18166.25,21673.43
43,2016 Chevrolet Blazer,PMOSE8O9EMFIBNICW,38510.29,42133.09
95,2022 Toyota Highlander SE,AX5DOIKDK3CPIMVD4,31470.75,39114.99
85,2020 Toyota Tundra,MPU42NILFEOW8NNWQ,28080.42,31391.21
11,2019 Chevrolet Malibu SE,K0IGQTMK5M1OLNO1R,42938.07,52698.34
172,2023 Ford Bronco Hybrid,4QD30135Q2QO3TK4T,23877.05,32526.17
25,2022 Chevrolet Tahoe,1XAR3MVPAUX2Y8C7D,24630.92,32566.22
83,2018 Toyota Tacoma SE,BRV0ANNI1WWIUJI1Q,19022.65,25199.72
85,2017 Toyota Tundra,WDW5BHBIG8EFC7IOA,19556.41,26840.51
91,2018 Toyota Highlander,YQD8PE6W2L4ORL2XB,28606.87,34477.49
36,2023 Chevrolet Traverse Limited,4C9KT1XPJBPNXQTHB,17263.94,24379.21
47,2017 Chevrolet Blazer SE,X3ZXRO5I2TZOH8RCU,24923.43,27491.86
18,2016 Chevrolet Equinox Limited,KR5JTP8KTYNXI14WY,42706.08,50658.97
101,2017 Toyota Prius SE,JOO7U7IFCOQJLI54X,32907.16,41227.13
61,2022 Toyota Corolla,6LYL9D02Q1PQTVOYR,29215.32,36027.43
106,2022 Toyota 4Runner Hybrid,ZN7G0IR5M7U62D3NF,21605.59,24314.07
59,2024 Chevrolet Suburban SE,6YW013WGWRZFESN8W,37386.6,41902.34
120,2024 Toyota Sequoia Limited,V3TT3MWB5TK6SFJ44,29963.39,35196.03
68,2020 Toyota Camry XL,6WUEFK5TKUYIU4XTY,25641.41,28699.45
150,2020 Ford Edge Limited,SF91DPGVF3YV9GA9Z,20205.39,28041.95
66,2020 Toyota Corolla Limited,LZJPEX60A8YQVT7DA,25882.61,29131.61
147,2017 Ford Edge Sport,Y493XMK7AFDFO51Y1,30084.71,39385.16
58,2018 Chevrolet Suburban Hybrid,O06VML21OVRIKHW2A,39140.41,40467.15
172,2021 Ford Bronco Hybrid,WTGQPM5Q050V2UMLL,31366.52,33847.37
114,2020 Toyota Sienna Limited,GT4FFP5KM1ECZRQ5T,37008.02,46706.72
77,2022 Toyota RAV4 SE,R1YYQ5GOJFW2QELPX,17944.16,23418.23
30,2015 Chevrolet Tahoe Limited,CM60YNJKNLYUOZFGD,42153.77,48287.26
70,2019 Toyota Camry Hybrid,BGII3BZLWSOVQOT3M,25394.52,35369.3
82,2017 Toyota Tacoma Hybrid,056XBAXUPN9A46YWR,43907.16,49362.55
167,2023 Ford Fusion SE,L68LGHKB11HU5NORX,24235.44,30253.85
126,2022 Ford F-150 Limited,XM4B12I598WW26LUG,42444.45,50053.33
116,2022 Toyota Sequoia XL,FO0CYL4ZQ9QAOCHT6,42742.47,48641.66
98,2018 Toyota Prius XL,H7OZ98I6T3D9664ID,29090.4,33198.84
42,2022 Chevrolet Impala Limited,1VMJ988991SIMKT2U,37830.08,45731.57
163,2016 Ford Fusion,4U7JBIBEOIU4G665M,35747.31,45690.44
29,2021 Chevrolet Tahoe SE,THZJWS3ACDO4FQTQ7,33517.96,40185.99
18,2015 Chevrolet Equinox Limited,OW8I86KZWNUF0WMAR,42068.76,50473.06
139,2020 Ford Mustang,CGZ6LHOVKAHTPK7SO,33944.05,41201.66
180,2022 Ford Maverick Limited,JNU7YLOA10SBGVNSC,41912.21,43881.49
73,2021 Toyota RAV4,HSTKF0PVEPRU461TM,31527.66,35000.2
164,2015 Ford Fusion XL,P5X3Q08CIG1OQE4GS,30132.61,35646.68
64,2019 Toyota Corolla Hybrid,6PPEJZHUTOJM0OKW7,42949.66,48203.13
65,2018 Toyota Corolla SE,H1PF46J8FR87Q7RQ4,20567.48,24836.4
102,2020 Toyota Prius Limited,TI1NV26BT8V833VI7,38094.69,40777.54
24,2015 Chevrolet Camaro Limited,4AZYZ47SMMLMF4Z0K,43953.12,47408.75
7,2017 Chevrolet Malibu,T1Q9XZ1DGZ92UAMHS,43901.28,51448.23
67,2023 Toyota Camry,4J1CFIUL4MDBW94LX,26573.13,31027.81
110,2015 Toyota Sienna XL,MV6B0BT4XF3CSGBBG,35294.41,44883.71
62,2016 Toyota Corolla XL,A0RP5OX512DB865XC,17578.33,20708.03
131,2024 Ford Escape SE,1NMJRL6UY2W2ETSUQ,17638.51,25549.95
162,2015 Ford Expedition Limited,G9D0O5T8QTQSY4ZKS,38883.06,47287.22
21,2021 Chevrolet Camaro Sport,30LUQ3E994LB1TL0Z,21053.7,28017.16
45,2017 Chevrolet Blazer Sport,KPDFGCQBOPUBSFEL8,28339.07,35783.21
97,2016 Toyota Prius,AMLGVQICV8XMYUHNV,37107.13,43579.92
3,2022 Chevrolet Silverado Sport,LYRQY4X8MLSVJM0EV,33083.64,40082.85
24,2018 Chevrolet Camaro Limited,YR8WVL56NHFXW8ZJW,19054.79,27850.83
35,2024 Chevrolet Traverse SE,65GJU07Z31WW45GXP,22910.59,29320.35
33,2015 Chevrolet Traverse Sport,FI7V8LAWVK0PPYNY5,31972.62,32989.17
3,2017 Chevrolet Silverado Sport,0PHYOMHYT135LR011,24108.77,30140.52
61,2018 Toyota Corolla,3GYZSO6SOB67W1LS7,29039.43,33638.08
133,2016 Ford Explorer,Q98065MW3K7QUJ3PA,15135.11,25107.55
93,2020 Toyota Highlander Sport,XEYP99N7C8315LXPF,33033.7,35930.37
130,2023 Ford Escape Hybrid,PKOCPOXEKHREBM80X,27265.94,34637.95
113,2015 Toyota Sienna SE,3WUL174PFQLS9L0X1,21832.96,29883.36
20,2020 Chevrolet Camaro XL,P7G6GPK2D4KPQAN1L,20848.76,22034.53
68,2018 Toyota Camry XL,C4U1DK0Y03NKE5DL4,29640.17,35237.61
98,2023 Toyota Prius XL,PN9X1K66VQFUERETN,32204.21,33383.47
134,2018 Ford Explorer XL,6CM8AFCDMIKG14E5G,27921.5,28602.89
91,2015 Toyota Highlander,ZMU4703646OR668N0,15067.42,23785.3
132,2021 Ford Escape Limited,OU0K2XYMHSA01039P,32802.06,34850.1
116,2019 Toyota Sequoia XL,ADDT596BJHI9FVRPZ,33898.5,37332.53
34,2021 Chevrolet Traverse Hybrid,XYXOB67MEF0RNUGU7,31690.03,36278.98
101,2024 Toyota Prius SE,XZONPVBC49PPDXDR2,15020.36,19982.76
41,2016 Chevrolet Impala SE,Y8P5LFJ7J42TUOPY8,15431.72,17797.48
14,2018 Chevrolet Equinox XL,U9SPX0NQHQ9DH7VYL,22229.03,31780.26
177,2019 Ford Maverick Sport,M4F4XM6I694N2L323,44935.47,53746.36
174,2018 Ford Bronco Limited,KQUA9SIQ9ZNC0OU71,30907.64,40679.78
8,2020 Chevrolet Malibu XL,C2TWXOJCY7RZB7BYH,43017.57,45226.05
46,2021 Chevrolet Blazer Hybrid,Z4MY8ST3Y45QZP82N,26547.64,27472.28
145,2017 Ford Edge,LARWIAOFDR4MO5AUA,32518.01,40878.34
81,2021 Toyota Tacoma Sport,TSYJHRLT9QPMNA63A,21772.28,27518.71
85,2016 Toyota Tundra,RNTNVN6DCXQECDWIZ,23112.79,31385.68
135,2022 Ford Explorer Sport,JGI6GFUSQ9LQT3IPW,30179.21,35918.09
112,2017 Toyota Sienna Hybrid,JR2YTV6WBHJ2OPJOF,34539.34,43152.09
179,2020 Ford Maverick SE,H6A8GGZ46ULQ0J9CX,42639.33,43385.35
62,2021 Toyota Corolla XL,GV6W02X8K4SKISAWF,27285.62,34595.16
114,2016 Toyota Sienna Limited,ZT7RL6RBTQ7ZEWWIQ,20740.42,28196.74
5,2024 Chevrolet Silverado SE,91Z9XVIUOQ4ZIPRMY,29302.89,37872.92
88,2017 Toyota Tundra Hybrid,W72EIXU5EIQIP4WNA,28445.48,30808.93
72,2020 Toyota Camry Limited,IVDD3J5LP3AGNZICD,25984.75,27520.22
58,2020 Chevrolet Suburban Hybrid,GMPKHREA45OXZOH5L,24744.84,25809.25
96,2021 Toyota Highlander Limited,XFFEMYE5IMN0QGXHU,41770.69,50232.42
69,2021 Toyota Camry Sport,2G2VLKBFYRSD78SE0,40615.07,50504.83
53,2016 Chevrolet Trailblazer SE,WD1FK75QEUDYWHDRJ,16952.54,24575.75
106,2018 Toyota 4Runner Hybrid,CJ0XIW0B66HVJMVVF,27837.04,36146.3
34,2019 Chevrolet Traverse Hybrid,WEW5KIHFLCI28N5J5,36199.12,37018.11
119,2015 Toyota Sequoia SE,VJ2AN4QKS80K26D62,21097.6,26781
172,2019 Ford Bronco Hybrid,FPR0G4QIT74JV7ZE6,32486.41,36239.97
113,2021 Toyota Sienna SE,J8GNJWTJQ1D0B2I8F,17452.46,25208.61
8,2020 Chevrolet Malibu XL,Y9ZGM8MJZX392AKD5,41549.5,49604.16
148,2017 Ford Edge Hybrid,9SNUSQCVOIKBQQ2HI,20186.58,28599.14
53,2017 Chevrolet Trailblazer SE,NZ47LRTDGYEHMRDZU,37046.54,38420.49
41,2017 Chevrolet Impala SE,X6L183M9UEQFELCKF,31055.91,36985.76
157,2019 Ford Expedition,ZUPCQP3F9E6G0G3S0,31226.76,32977.65
36,2023 Chevrolet Traverse Limited,MVCKAW84PJRUFADOV,35609.95,40573.62
71,2018 Toyota Camry SE,SL3DIX0OBOKD8A1YH,18560.64,21762.84
174,2020 Ford Bronco Limited,MM7X8ZP4POLM0VTSB,32161.56,38097.27
4,2016 Chevrolet Silverado Hybrid,23TJVUT3EX8A8R9FE,16177.07,26129.93
82,2023 Toyota Tacoma Hybrid,WLE3VRU43P0563AZ2,27843.89,30745.46
59,2020 Chevrolet Suburban SE,Z7V9LD1L6486XRB6Q,17242.07,23128.56
101,2015 Toyota Prius SE,IQJAZUH3LD5DO7Z1I,44771.8,51982.62
143,2022 Ford Mustang SE,FB3NBQ1AN5YXYNBS2,21715.18,30463.68
142,2020 Ford Mustang Hybrid,YLFR5WWZ3476CSAMM,35733.22,40556.26
20,2021 Chevrolet Camaro XL,JKQ6UCM8CDSHTCOFE,18751.36,19381.1
136,2020 Ford Explorer Hybrid,626WLLYWUFAJBNPOF,22005.22,28569.82
79,2022 Toyota Tacoma,3I9L5TBIRZOVONG66,17151.75,25218.95
156,2019 Ford Ranger Limited,IA1K8HGID83BDOSJM,23664.21,32863.45
143,2021 Ford Mustang SE,X7ZRH5PE6QGM5UDMQ,30228.47,31673.46
58,2016 Chevrolet Suburban Hybrid,N1ZON26HSBPVL85XP,39629.36,40819.81
85,2023 Toyota Tundra,XR50K1N6G4ZSPEGYM,21683.25,27936.26
11,2017 Chevrolet Malibu SE,B2B70ROSNHQ6I7EIQ,32926.18,34958.35
5,2016 Chevrolet Silverado SE,OKA2HOQEO9PJ0X6F0,26490.6,36093.19
54,2015 Chevrolet Trailblazer Limited,6TUJG3CTN48ZSUQQC,28156.15,37719.47
140,2023 Ford Mustang XL,DWGI4Y026JIY0BAB0,33012.94,39764.8
169,2023 Ford Bronco,EJS6EG4K1U7HBEJTU,42686.22,44478.9
79,2019 Toyota Tacoma,KDDAOCYT81R4TPGB5,29821.96,30603.11
71,2015 Toyota Camry SE,5QMBCYU2E23K465HA,18499.35,23289.88
121,2015 Ford F-150,2UFFMDB52K1WSIY6T,25112.85,34227.45
21,2023 Chevrolet Camaro Sport,ED1424LNYJ6VMAMOB,44649.13,49842.71
28,2018 Chevrolet Tahoe Hybrid,35W137SGWRO8NYE04,34071.7,38221.19
14,2017 Chevrolet Equinox XL,0XF659YE72MX93VTQ,34020.75,36746.1
101,2019 Toyota Prius SE,VZFUBT2NVVP0MLPEY,24947.32,28755.88
24,2022 Chevrolet Camaro Limited,KXFXWJXETEI469LRP,29728.24,38928.11
31,2022 Chevrolet Traverse,5SVVVUTJSWCDOZBES,18517.14,24027.97
31,2021 Chevrolet Traverse,8FS32M86OF6QRT1AV,32911.76,39781.77
13,2016 Chevrolet Equinox,CTNKFT3PVLM88M97H,17757.51,24469.96
123,2018 Ford F-150 Sport,NERCV5ADYGVNDU6BO,20819.26,22353.11
106,2020 Toyota 4Runner Hybrid,F5DEAVKLCME38ELWW,23997.59,25711.78
177,2022 Ford Maverick Sport,16UUH3BEJ6710FHYX,36464.51,37740.72
39,2018 Chevrolet Impala Sport,GUX3EKQLZ50N1D8OW,28907.39,33372.07
63,2016 Toyota Corolla Sport,6T4U4DKP0IAWXLVN9,22662.59,24418.31
11,2016 Chevrolet Malibu SE,7Y66WK9461O9ZJ3NJ,25369.77,30374.38
174,2018 Ford Bronco Limited,CVNFUC7VXIIYL49P2,38562.45,45755.74
159,2021 Ford Expedition Sport,GX80V4YOEQOBDAQHE,38901.74,45367.07
179,2024 Ford Maverick SE,1QNPXA8WG3PB5IQQ9,29892.1,34521.39
112,2018 Toyota Sienna Hybrid,NNYCNKAXWJG3W4Y4B,16247.27,23066.42
120,2024 Toyota Sequoia Limited,6D8V4OC2VGSGTW0UK,34984.3,38438.67
125,2022 Ford F-150 SE,G3ML6YX99GAKSOC2W,38201.98,47110.69
86,2016 Toyota Tundra XL,AVC0W1AVLT19WLHAJ,29397.83,33664.95
37,2023 Chevrolet Impala,Z7H3E7HRUQFZGA0U9,35619.99,36698.16
5,2022 Chevrolet Silverado SE,Z0WXY3TOXI3LF85DL,37225.3,42212
89,2017 Toyota Tundra SE,S5NY24TS0KQAS9QKC,32504.66,35181.26
64,2019 Toyota Corolla Hybrid,JU4SZKV26SBMNINMX,44348.3,45954.94
107,2022 Toyota 4Runner SE,ATAVG7U1OM2BFTX0J,27033.72,29839.76
77,2021 Toyota RAV4 SE,W80KOR5YPZY2CUE2K,35025.03,44359.46
31,2023 Chevrolet Traverse,L4KFOT1391QZB4O87,38310.91,42705.29
74,2016 Toyota RAV4 XL,BOG8KZX9JMXLOTGQT,18251.41,25250.09
32,2015 Chevrolet Traverse XL,G7VZKMSR6ORUZ6AXE,29633.4,31889.06
8,2019 Chevrolet Malibu XL,KHPWSX79JMH9I6TGK,16035.82,20552.14
79,2023 Toyota Tacoma,5H5M179492DOQG4MS,36078.57,40568.71
83,2022 Toyota Tacoma SE,RRLORHU1E2A1CTNN1,37559.85,45644.88
97,2017 Toyota Prius,569CFMT3ECTKHFSE9,41870.01,45720.91
108,2022 Toyota 4Runner Limited,QUDHV42I4I07THFEH,39438.13,44792.87
17,2023 Chevrolet Equinox SE,CU64LNZVI27UK4J9Y,42041.35,51690.09
169,2016 Ford Bronco,OETFCQAE9T0OEX4IS,37044.51,39840.21
112,2024 Toyota Sienna Hybrid,SZ72CL7I1N8QKB6XQ,29858.48,34227.63
150,2018 Ford Edge Limited,ZGUJ5SA5DFET8R4MS,18507.49,26268.15
140,2021 Ford Mustang XL,7EFOAFNIQALL7OZYO,35295.56,42311.42
61,2023 Toyota Corolla,L5073BDGTJA2HRRBP,17294.73,19558.25
154,2024 Ford Ranger Hybrid,7PG0RBXEAL2KAFKAB,27923.03,34798.55
99,2019 Toyota Prius Sport,23Q9KOPLIS8K65X8L,35305.43,38836.27
97,2019 Toyota Prius,6KPBUUWQHDY0LE1RM,36997.78,42048.67
40,2021 Chevrolet Impala Hybrid,K9438KT00GRI4U0EA,40948.26,48494.64
119,2019 Toyota Sequoia SE,0L27MBWN2LJXU5ZDW,25501.73,26864.93
80,2020 Toyota Tacoma XL,W5HE2HW9H2ZQTLNG4,19844.2,22705.32
95,2015 Toyota Highlander SE,1SFSZ02H4HM1S1VFN,31319.97,33789.49
87,2023 Toyota Tundra Sport,97MHZ2MVC0BDX4ARF,27907.47,29061.83
15,2018 Chevrolet Equinox Sport,G87D75VBR7UK8QQM3,34355.45,37015.73
149,2017 Ford Edge SE,VD8G8IWDLJSDXF8PA,20170.7,25774.74
40,2022 Chevrolet Impala Hybrid,AAO225FI55KT9U1YL,16389.26,24946.49
113,2018 Toyota Sienna SE,XGMDUD2VFKY5S40GS,27230.06,30280.43
155,2019 Ford Ranger SE,4T8ZASJ4F8EXPO7AY,38568.29,43162.2
9,2016 Chevrolet Malibu Sport,GZHY19FWCGC84TWFJ,34703.15,43522.29
5,2023 Chevrolet Silverado SE,QMH5BAYF6E1Y1YYG6,41159.16,50061.14
22,2016 Chevrolet Camaro Hybrid,9M6QK46CIRJ22NS6I,42636.84,47127.18
86,2021 Toyota Tundra XL,LFX5KKZDANDW5GS2O,34143.43,39914.41
38,2019 Chevrolet Impala XL,CPLCTY6LLAC68LKP6,33147.76,41406.98
49,2020 Chevrolet Trailblazer,6THL0I9DD7TNDAYZA,22515.17,28512.75
70,2023 Toyota Camry Hybrid,9RUQJ7E43XTXD4VEJ,37260.74,44195.33
48,2016 Chevrolet Blazer Limited,M15EOQ4XANUQ9NFEZ,32343.4,33474.91
4,2016 Chevrolet Silverado Hybrid,YXGZP0ZMRON7LA5SX,28332.49,37883.91
5,2024 Chevrolet Silverado SE,Q9TSU0EXTUUU35YOE,43286.59,47464.57
176,2016 Ford Maverick XL,1GY0ZNN94GPQIISE8,24097.22,29502.84
162,2022 Ford Expedition Limited,MRUJIG9F75N8M2ZT4,34313.26,40763.77
52,2016 Chevrolet Trailblazer Hybrid,080Q8AI7RYKNZ1XGF,41549.66,44326.16
52,2020 Chevrolet Trailblazer Hybrid,VG8TI4Z0P9KQK1Z7I,22730.87,27245.61
36,2018 Chevrolet Traverse Limited,4B4YD5IWNG5O3TMXL,42110.39,46335.49
43,2022 Chevrolet Blazer,FQUS6LY51JX4ACN8A,16656.21,23812.4
112,2021 Toyota Sienna Hybrid,XZF94DNU2F15PCSD5,37591.81,42642.01
175,2024 Ford Maverick,32XZWD7NJ58BG4LCN,37121.69,44922.51
78,2016 Toyota RAV4 Limited,N5DVK64OY7ILX8M37,18394.67,20596.82
81,2016 Toyota Tacoma Sport,1B059024U5L3226ST,15124.79,17984.67
85,2019 Toyota Tundra,IVQZ3DRGRIRQ652YX,36562.9,46050.38
23,2019 Chevrolet Camaro SE,W2KDB9W09PZ4LC5LS,41033.05,47261.9
22,2017 Chevrolet Camaro Hybrid,B3BU00TOAZTMQ54PS,28082.27,37883.51
10,2017 Chevrolet Malibu Hybrid,HFZHE2ZAMD4LFA27M,16161.85,21880.79
44,2024 Chevrolet Blazer XL,EIBV24V4QYB87ZIGA,29211.47,37766.79
135,2020 Ford Explorer Sport,XQ4QTW164UD716EZX,36256.07,36809.87
8,2021 Chevrolet Malibu XL,14VCDYCCZAV1T1S9U,16803.93,22188.28
130,2024 Ford Escape Hybrid,E5UHM0HBE4F6BN9AT,24192.54,27468.35
61,2018 Toyota Corolla,1SN77IA1VAD3DU2O2,31331.06,37845.07
168,2022 Ford Fusion Limited,LBF4PVDEQIPHHV8H4,42478.08,49749.7
81,2023 Toyota Tacoma Sport,F352D72YZJRCT44JB,16875.91,23978
147,2015 Ford Edge Sport,LE52GKEVU9K1BOLNV,32744.02,39112.96
47,2021 Chevrolet Blazer SE,2D404UM0DB8FX6GDI,40476.86,43175.15
84,2021 Toyota Tacoma Limited,QH75U4QKW8H69HWTB,22254.92,24905.9
157,2017 Ford Expedition,CYSZK0VWOCSKVNF0V,31537.04,36770.07
130,2020 Ford Escape Hybrid,BI94H94I9T95JUQ8P,39216.5,40166.28
140,2019 Ford Mustang XL,GM5BG821TPJGGHVFP,22884.77,23615.14
80,2015 Toyota Tacoma XL,AFSFVSQOR3XCAAJ0X,34267.94,40473.54
9,2020 Chevrolet Malibu Sport,A1Q8KTXJUM0O9YYNZ,21184.58,26399.8
59,2021 Chevrolet Suburban SE,DACMB25JS3MGR9GSO,33838.61,43804.51
161,2016 Ford Expedition SE,1A0639KAEB0XJSMN6,33121.71,37497.66
145,2016 Ford Edge,CA08O8GBO4K3NM6TJ,22061.65,29576.02
18,2017 Chevrolet Equinox Limited,9GM7T67IC57EV0WJP,30579.68,38719.65
60,2020 Chevrolet Suburban Limited,35WSBFC2EZ01Y1XAX,16955.16,20777.35
49,2018 Chevrolet Trailblazer,YXP53L94A935VG5EX,26828.14,32109
1,2018 Chevrolet Silverado,QCCTKVYVRL3EXCWCT,25955.93,34053.67
156,2018 Ford Ranger Limited,AY3UXZTB9AG8WRS20,27347.94,35624.28
96,2020 Toyota Highlander Limited,T7AECV5I442NSQXA4,21577.84,26222.25
76,2022 Toyota RAV4 Hybrid,YZBHHGBYBBFSTK1LX,33536.18,35018.14
93,2023 Toyota Highlander Sport,HJGUWIVS1N9RNEBCM,35043.37,37673.54
133,2022 Ford Explorer,RX46DEUT9XYSUW925,39233.99,48730.51
147,2021 Ford Edge Sport,6RY59FYBWHR6XNR0C,37765.29,39991.79
59,2024 Chevrolet Suburban SE,WRFDXKFZFUARQWVCZ,36156.08,38117.05
40,2015 Chevrolet Impala Hybrid,D3ICZL7VA12LVHWTZ,43247.73,51589.22
103,2022 Toyota 4Runner,2SCSR719VYKWSKZXJ,30152.12,32431.69
63,2022 Toyota Corolla Sport,7HYCR6UTM0VHTOTCG,19066.26,26809.1
133,2018 Ford Explorer,PIEE246ND1J6R5MEK,28525.45,31254.42
2,2020 Chevrolet Silverado XL,YDI41YOZVG9SAVOLU,15143.8,20723.52
29,2020 Chevrolet Tahoe SE,J4M500CVYFQOTOFPM,43857.04,51093.06
35,2017 Chevrolet Traverse SE,SVT66I4SIICY2VIJ4,44052.69,48361.34
125,2018 Ford F-150 SE,4DPXSN72GRPC92BM6,41237.07,44683.25
105,2024 Toyota 4Runner Sport,LQUMW1BV8CNV1DD2P,29225.76,29877.18
126,2024 Ford F-150 Limited,S6GRRLVUD0857A9MG,15800.38,17705.62
47,2015 Chevrolet Blazer SE,WE4LYGIPUPQO4C9YM,38972.94,40246.36
125,2021 Ford F-150 SE,4UXKYVOUDJT7QLUIX,40477.93,46932.72
179,2023 Ford Maverick SE,FA0JB7SPW74S2Z6V0,17674.93,18730.75
108,2021 Toyota 4Runner Limited,6FRTLLY71A87BC3M7,31365.59,35674.1
42,2020 Chevrolet Impala Limited,H7UDC8S4TMSXO8QS4,33245.55,41029.99
155,2018 Ford Ranger SE,POQ1L0KW7WXPSRU8U,20531.4,28557.44
24,2019 Chevrolet Camaro Limited,U4BD4AWPI1RRCMUUD,28969.38,32757.07
143,2017 Ford Mustang SE,ROFU31GC63JB3W5YW,27421.26,37257.32
32,2019 Chevrolet Traverse XL,T5P2KSWO162K86BZX,42474.83,51163.06
77,2015 Toyota RAV4 SE,B9JIURG3S48JI7V8A,26364.24,33664.41
107,2015 Toyota 4Runner SE,H1V1BLSETP6BIR4J0,36360.82,41369.41
95,2016 Toyota Highlander SE,YUY8A3EKAIBNILKPN,34017.98,43258.8
74,2018 Toyota RAV4 XL,LAPX9P2AMK378C8UA,40251.31,42638.25
152,2015 Ford Ranger XL,YBK43WW1QNRQBHSXI,24201.16,33081.84
57,2018 Chevrolet Suburban Sport,YZ469V5L5N9NLRGY9,31346.94,32392.1
165,2017 Ford Fusion Sport,LYZYNU6O9DSDCRGH6,16540.68,19296.94
165,2019 Ford Fusion Sport,K2VC881TRPRDVW2M0,41657.64,43555.29
86,2020 Toyota Tundra XL,KI6FU7X10OYEFGP77,25593.75,29980.97
107,2016 Toyota 4Runner SE,2EZBNY93MQTGIEJ6K,19099.47,22766.01
168,2015 Ford Fusion Limited,PILG4HYSPYB9G6AKO,19779.05,28584.14
114,2019 Toyota Sienna Limited,5PEBGF8UYCOELKPW6,33760.95,41849.19
115,2015 Toyota Sequoia,FVP4PIAGZ9BW9SER1,31551.97,40768.07
167,2023 Ford Fusion SE,F1DV3OUKD4JMRU5UL,31213.93,38611.98
13,2016 Chevrolet Equinox,GDGU6588PAL3ZEIRQ,17732.63,20586.71
27,2016 Chevrolet Tahoe Sport,NBCU9CD6R8P0LKKG6,37049.74,46240.83
40,2024 Chevrolet Impala Hybrid,3MJLVGN4GGXSQAXVE,41715.74,47764.67
91,2015 Toyota Highlander,L20V6JWFTRLGUJ7BN,34705.67,35952.1
67,2022 Toyota Camry,JBFPX8JLQF5J1OHRF,41422.53,50959.62
155,2016 Ford Ranger SE,VF8WGZS24VE37E1XF,21581.66,25097.51
63,2024 Toyota Corolla Sport,N9E1QIQQUXO4BI46V,16020.06,18219.13
160,2024 Ford Expedition Hybrid,M56FCYXZJMTKZHI1W,35575.77,41912.56
4,2019 Chevrolet Silverado Hybrid,XB1I8ZQYDW7L7EMPY,30752.05,33711.31
174,2019 Ford Bronco Limited,HPUJ6KJWQ5F2MCFCU,29168.43,29751.17
162,2016 Ford Expedition Limited,S067J57B6GUZZ0ZRX,21664.99,30542.18
32,2017 Chevrolet Traverse XL,JI556C2T0UEYY386Z,41760.46,47167.67
154,2023 Ford Ranger Hybrid,HJ3IRA5OK0HN3SQTJ,29334.15,39187.14
163,2020 Ford Fusion,10G526DZOGG92QBUP,25931.96,26687.56
147,2015 Ford Edge Sport,HO4QGLMHAUYN7ZS6Q,38620.61,42850.02
2,2020 Chevrolet Silverado XL,QX9DFOREVNY46MRCW,40335.86,46439.51
176,2019 Ford Maverick XL,0T90DVH7TKYY14KMC,17329.69,24278.42
158,2016 Ford Expedition XL,C0NKM01P9WOR77BKQ,27612.73,31278.47
115,2018 Toyota Sequoia,JSMVNH0XR6MK3FGRE,16181.03,17800.36
129,2022 Ford Escape Sport,SMK67MDUYPWQ7219Y,20210.61,23689.06
47,2019 Chevrolet Blazer SE,0ASRD3OGJQHH99EAE,25670.41,30632.61
12,2018 Chevrolet Malibu Limited,FBIWY99OTBBAU6SYR,28509.12,30807.49
115,2016 Toyota Sequoia,H0KDNM2LEVD63J6FD,38952.89,43639.9
28,2022 Chevrolet Tahoe Hybrid,3E6LAUSYJHE3WFC3E,35729.96,43323.95
157,2015 Ford Expedition,TY2H9MXMLDV3679PN,22977.83,26817.15
111,2020 Toyota Sienna Sport,RBNEJXN4MX46F8YNO,44692.86,50395.71
158,2020 Ford Expedition XL,1ZY8HB3DRWO32893H,37701.53,39769.46
152,2022 Ford Ranger XL,K1V62V8QT4NT05R3V,32119.7,41757.96
113,2018 Toyota Sienna SE,N9W31FHUWXSJMPHK0,19861.22,27027.61
51,2018 Chevrolet Trailblazer Sport,JMYBO1LH7748JOZWG,38528.08,42767.82
102,2017 Toyota Prius Limited,IHRFCQAVQUFNRUR9W,28832.54,35117.51
95,2017 Toyota Highlander SE,G6PAJEAX83N79Y5AU,41708.39,42671.87
121,2024 Ford F-150,RMIKM0DNIC0ZEIWJ3,29624.03,34035.62
147,2020 Ford Edge Sport,TSJ2V6QEV853W8LRH,44812.11,46323.86
103,2018 Toyota 4Runner,V5KHHXFTCKI1UHA9B,21750.94,26500.72
71,2024 Toyota Camry SE,Z209FTD9TVQ84LYIH,20528.34,23010.48
70,2019 Toyota Camry Hybrid,TFOEBGU4ZGYWOFQ7M,43387.9,48548.01
87,2017 Toyota Tundra Sport,PLPGFU4V33TGHX60G,44030.21,47936
67,2020 Toyota Camry,N4O23EIQI7TR2V10C,27417.2,33511
38,2018 Chevrolet Impala XL,ZV4MI1X95B5VIL9IC,32446.91,39017.97
138,2021 Ford Explorer Limited,VDP5A5ZXPXV24GJCQ,31894.62,34924.7
26,2016 Chevrolet Tahoe XL,JBW92WC20D0AR5LMO,18727.58,27480.38
117,2022 Toyota Sequoia Sport,X7XZYFETHCDP5UGSI,22516.19,24506.48
4,2015 Chevrolet Silverado Hybrid,JOG4PMEE9ZJ7TUKKA,34559.09,39742.18
111,2016 Toyota Sienna Sport,MEKAG8COKU5V23W8M,24443.66,29239.32
21,2022 Chevrolet Camaro Sport,3ZRUW4FAF7PKBAELL,15057.08,16008.49
39,2018 Chevrolet Impala Sport,OZLDDXE40QPPQ5WAQ,29076.16,31249.05
80,2024 Toyota Tacoma XL,ZTX4ZEK2O21SGH988,17010.48,17718.11
88,2015 Toyota Tundra Hybrid,ABVEKHXHKNK1TAI4O,23310.1,29677.56
121,2015 Ford F-150,5BSCFID4AFILLXQZY,34120.45,42892.28
162,2020 Ford Expedition Limited,QH98SAH4304ZV8WAO,20183.91,20816.19
153,2017 Ford Ranger Sport,FEELF9ED59SQXRX7I,33509.89,41095.02
98,2018 Toyota Prius XL,5557X5V367QU15ZV4,30987.23,34481.4
22,2017 Chevrolet Camaro Hybrid,EB5T9YUUBJEIVIM6M,17626.84,18965.29
91,2021 Toyota Highlander,7PUJQTKNGU79EA1Y8,43131.61,48512.71
24,2024 Chevrolet Camaro Limited,2NS8UB8KJ8VRZHNRS,34956.63,40570.27
101,2022 Toyota Prius SE,BYR5LWSDBB9T42JOF,20542.41,28405.25
14,2023 Chevrolet Equinox XL,33TEBKX6ANOFT0ZLG,21092.17,23578.63
119,2021 Toyota Sequoia SE,EFX7AWDQ05VOEP55G,23304.44,28076.88
4,2016 Chevrolet Silverado Hybrid,5V1HEFFWSIDMLNL1U,29252.27,35427.13
120,2020 Toyota Sequoia Limited,F0R8HI70NSUGQOKH3,38200.6,46178.11
19,2022 Chevrolet Camaro,V56ZU9AXZ1OLJIOKO,15798.84,22094
28,2023 Chevrolet Tahoe Hybrid,0MMHQJOWKIEHMKTJR,24446.27,30544.81
89,2019 Toyota Tundra SE,R8P37CIBT4VW9A402,32611.62,41375.55
146,2021 Ford Edge XL,GX21J8H4F2O1IUPYZ,21817,28405.95
91,2020 Toyota Highlander,YG2P47Y5RVWHUEGYX,16305.99,18370.37
96,2020 Toyota Highlander Limited,ED6WAZ54EQQZDPH5Z,31037.44,40213.06
79,2021 Toyota Tacoma,2QKVBKTVNJS8GSC57,18181.54,27399.22
85,2015 Toyota Tundra,28KEYMO737B4K66JC,30258.28,35647.49
36,2022 Chevrolet Traverse Limited,778MVSW2S2WC3J1XU,37422.35,40503.69
154,2017 Ford Ranger Hybrid,3TTW84YEPRBCVVIL8,42992.28,44514.75
103,2015 Toyota 4Runner,K1OF5JCTV7WH3YOJQ,29327.76,33294.27
171,2020 Ford Bronco Sport,5YQS83JR4DPEON1MH,27514.92,31750.73
95,2021 Toyota Highlander SE,3FAKZUZENMNT0BS3Z,38870.63,39375.47
177,2021 Ford Maverick Sport,1WC3VTROHI62KH6AC,36313.92,44811.65
138,2024 Ford Explorer Limited,6WMCRR07RN1S51FJZ,17981.56,21480.77
137,2023 Ford Explorer SE,RVVKVFXIRTYIHMELZ,39358.62,46567.08
78,2018 Toyota RAV4 Limited,0USGC2HLW2FOUFWAA,21988.03,26730.38
96,2020 Toyota Highlander Limited,N5CJRA3RXZBK67UA6,21854.73,23537.86
3,2022 Chevrolet Silverado Sport,0YRUGLB665JYC65UA,18480.37,20673.14
96,2023 Toyota Highlander Limited,GEALEV9950T2FGH2A,18501.37,22773.94
120,2023 Toyota Sequoia Limited,CSIP218NPYSB6PKIT,29173.73,30299.96
13,2015 Chevrolet Equinox,07PCE8ZV2PQLFB9PU,29920.87,39086
56,2021 Chevrolet Suburban XL,29G32CM35GWFKNSU0,42139.71,43570.24
15,2022 Chevrolet Equinox Sport,V8EAT0OWP17ZPI5PC,40737.34,43318.73
96,2023 Toyota Highlander Limited,SR7JKK4OA2JZM1VJK,44345.98,45683.31
50,2017 Chevrolet Trailblazer XL,NCXLCH2NHI6S8S9LW,28943.03,29546.37
88,2018 Toyota Tundra Hybrid,RTHVIRKUFIBK8MBCD,44002.43,50937.33
62,2017 Toyota Corolla XL,GUXMCCHO4LFRVTOFQ,31712.14,39500.81
128,2015 Ford Escape XL,PQ3T1UPO1A1ALDEYM,15925.07,25404.63
137,2024 Ford Explorer SE,MIQC0OLI57E22ZL97,26918.86,32068.11
23,2017 Chevrolet Camaro SE,5RCXY6G1Q8VSXLNHA,35972.86,42834.69
53,2020 Chevrolet Trailblazer SE,PHRLRM9XNF2L85AFJ,24956.44,33158.6
132,2015 Ford Escape Limited,Q3EW12CFEWKWTIYRL,42694.53,48332.99
19,2019 Chevrolet Camaro,BUASBYNI9WELGC7ET,37979.57,43544.98
100,2020 Toyota Prius Hybrid,C5QNLBUMUI3U6DX9I,22971.99,27520.15
138,2023 Ford Explorer Limited,U2N8OYBKY77O9SKIB,17935.71,24272.45
71,2022 Toyota Camry SE,O8XTUAEOI22M4G70R,33097.52,36337.43
20,2021 Chevrolet Camaro XL,C7HPCB3I9509KNCTX,26658.91,30090.15
1,2023 Chevrolet Silverado,6TIN2EJAHSPG0GOGP,33502.53,34808.16
14,2021 Chevrolet Equinox XL,U9ASJ37EVATUX74AD,42529.67,47368.18
49,2024 Chevrolet Trailblazer,Y9ZE90Q4RBKXM8ZZ2,30836.24,36380.24
119,2021 Toyota Sequoia SE,ST4R2BNIWP7Q2QOCH,21017.01,28741.41
137,2022 Ford Explorer SE,2LKSWRZJ87T1EU1J2,33732.35,40816.08
163,2019 Ford Fusion,R76O05CCYHDZRZVMT,15382.78,18517.17
169,2019 Ford Bronco,ET3A0SCBJ33J2VXJH,36012.34,44873.42
173,2021 Ford Bronco SE,ZS8B5LP2QV6F2YK21,22734.98,27822.82
52,2017 Chevrolet Trailblazer Hybrid,49P87ISTQC8H0ZWV4,30794.67,34835.92
68,2019 Toyota Camry XL,ZPTG69LXTEBQH940N,43760.92,44980.12
48,2022 Chevrolet Blazer Limited,KHAHHDTME88U1GE4T,38006.72,41769.9
99,2023 Toyota Prius Sport,IDMDVZEP12MBVI7RH,38693.17,45034.54
107,2023 Toyota 4Runner SE,CNAKM69S2XQ4A8HJ6,18180.38,21505.27
2,2024 Chevrolet Silverado XL,DS5VYFGGWXKSN88VZ,43466.58,52038.19
4,2023 Chevrolet Silverado Hybrid,7E2345SDVWM2ZNQCA,35706.58,44218.06
28,2023 Chevrolet Tahoe Hybrid,B0N3W6A0897WT8URQ,44206.1,46771.53
68,2019 Toyota Camry XL,XMAKXZ2WG2IDR50AJ,37152.63,40924.28
122,2018 Ford F-150 XL,3W3KFKFFEC10RFVHW,26707.86,29375.8
54,2016 Chevrolet Trailblazer Limited,SMLHEWA3XZES7FYOG,42349.41,48677.67
149,2021 Ford Edge SE,16MT5JW1B5X9JFN99,33737.68,36614.68
88,2022 Toyota Tundra Hybrid,UHQLK6FW4V6BZ7SDT,33584.86,43038.13
51,2022 Chevrolet Trailblazer Sport,13WNHZTNMGMFEWUXF,21084.55,28676.08
45,2018 Chevrolet Blazer Sport,E38MXS6B0HJD5M7NW,27038.58,32749.41
45,2018 Chevrolet Blazer Sport,XRSGCFF1CM0MR0ZR8,43162.85,52014.32
143,2017 Ford Mustang SE,GOJPC5DK1T9IJP95W,19288.27,28112.5
97,2020 Toyota Prius,71IZ914UN0LCR0DJ2,38795.62,43392.38
111,2015 Toyota Sienna Sport,WJFPKPXOKRVS381JX,17236.71,20881.51
41,2018 Chevrolet Impala SE,QWU734OSJ8R3DWV9V,25075.55,26814.21
10,2017 Chevrolet Malibu Hybrid,85E1AT91RXZBN6N5W,42747.02,48728
158,2024 Ford Expedition XL,MVKLCECQ0M9EA3EBP,35679.72,38223.29
73,2015 Toyota RAV4,6H1UTA5886FA91ZBV,34313.63,39853.13
126,2020 Ford F-150 Limited,WS1SEUEPEVU7548IK,31211.37,32161.75
9,2021 Chevrolet Malibu Sport,WMI5ESP45XER7OM7V,18896.65,27292.03
92,2024 Toyota Highlander XL,NK34L2NPKV5OIWMLF,15991.71,25421.38
108,2024 Toyota 4Runner Limited,7S8H451JZBG9KWH60,16390.81,18507.03
83,2020 Toyota Tacoma SE,JD7OFHAD46358MKIH,41283.55,43521.86
43,2017 Chevrolet Blazer,HQJMECIXDTOTKZBWO,15858.48,18832.47
64,2016 Toyota Corolla Hybrid,WG0KD9LVHGV0U00RD,33290.37,43149.62
134,2016 Ford Explorer XL,BE5LXKEE85P28QNQ9,23108.81,30601.74
129,2019 Ford Escape Sport,C25OE9E10ZKXYDQ13,26107.91,30530.17
54,2015 Chevrolet Trailblazer Limited,82SWRTLRYI05SUYR1,34232.26,42346.98
73,2021 Toyota RAV4,8T4BLUILJ4JGHCNN9,44562.01,51818.58
117,2015 Toyota Sequoia Sport,Q7J99NWY4A1RK58O7,18776.72,28690.37
159,2015 Ford Expedition Sport,BKU4KW8XCREII89AB,20607.45,27204.42
36,2017 Chevrolet Traverse Limited,BN016LOTSBWROLEAV,32268.86,39323.12
147,2022 Ford Edge Sport,0W90SZBI021TOKYRY,28660.75,29188.65
21,2020 Chevrolet Camaro Sport,TUF6JQGBZWOIS0632,31069.09,35452.98
23,2016 Chevrolet Camaro SE,3YVVIDQKQYYQ3F1H7,27647.55,33652.86
31,2024 Chevrolet Traverse,QAB3ZEOD96D4DAMZN,39603.81,47730.01
97,2023 Toyota Prius,4GN6PS5GSZY19OFZI,27997.27,28973.86
171,2017 Ford Bronco Sport,Y6BAFPJHHIQPXS9C3,25194.83,26465.89
160,2021 Ford Expedition Hybrid,FZMUJWQ1PDAJBSGA0,42341.09,45184.6
21,2018 Chevrolet Camaro Sport,FSFX0FTLI5Y3079IP,19137.56,21033.73
175,2018 Ford Maverick,EQY26JD9U13OVWR4T,41370.27,48679.94
97,2015 Toyota Prius,PXGXMX0R7UYWWIV46,36315.78,37158.72
69,2020 Toyota Camry Sport,3CK5ZXB1149HJMARM,42020.46,48038.08
46,2021 Chevrolet Blazer Hybrid,OB77D9O97RKPGYCTN,15351.03,22635.66
113,2021 Toyota Sienna SE,WD8PO24Q30D2OJ3TT,27426.59,30305.36
110,2019 Toyota Sienna XL,IZDGXX0CYBPLB9NGS,27839.37,35470.88
38,2019 Chevrolet Impala XL,R7HTX5HUHUVUK9JQF,43317.13,50474.91
126,2023 Ford F-150 Limited,AHSRT50I54BGD6K37,39321.18,41391.61
11,2023 Chevrolet Malibu SE,9516TFVYGCNEA025Y,39483.88,43883.48
14,2016 Chevrolet Equinox XL,E4ECK5B7ZHBPOU3XQ,25168.22,32944.35
174,2015 Ford Bronco Limited,T7MC0Z16EM1Y3CT08,41958.62,48973.94
166,2019 Ford Fusion Hybrid,TYUK4K00Y6OWGBDHL,24601.59,31653.62
86,2024 Toyota Tundra XL,JOTVYYX06R7WBH6WU,44844.78,51907.61
80,2020 Toyota Tacoma XL,DSPB3S2TI1C94NUFT,22322.69,29142.98
119,2024 Toyota Sequoia SE,CYJV2FPV9RF81QC4H,26036.94,32991.23
99,2024 Toyota Prius Sport,SJSXA2SKIVFPUUV4U,17266.05,23041.1
128,2017 Ford Escape XL,3P6S9K4BVG4LMUVI7,22837.74,27546.08
21,2016 Chevrolet Camaro Sport,VFARXYTVNGDCWM91E,32148.91,38728.03
4,2016 Chevrolet Silverado Hybrid,CLS8UKSY8KEIWKJEG,23211.66,25684.78
72,2017 Toyota Camry Limited,U8XMY5J5F0ENRXSAY,35478.3,41779.51
101,2015 Toyota Prius SE,MMFKN85EZRJPDASNH,23707.01,32264.49
31,2019 Chevrolet Traverse,V45O6612YT7L8P4JY,18478.89,28350.83
54,2019 Chevrolet Trailblazer Limited,ZDC6YVT1D41TM20U7,28338.8,37682.27
56,2024 Chevrolet Suburban XL,86UFY1GBB4JYA9ASP,24744.3,28585.38
137,2022 Ford Explorer SE,45772MGQHHYV47EBM,37195.82,40809.47
80,2021 Toyota Tacoma XL,M8EKZJEY9TJPOC88S,17606.46,24910.95
170,2015 Ford Bronco XL,YQTA524OFW65S3KGK,37346.19,39767.16
168,2020 Ford Fusion Limited,429HZF5C78ILCYT3F,32833.89,35040.85
162,2018 Ford Expedition Limited,W91KAXLM03VEXDXQC,23726.33,29110.11
76,2021 Toyota RAV4 Hybrid,8GEXVI60CYRLPZKWP,15658.28,20993.08
141,2023 Ford Mustang Sport,ZP8M8Z0VD1XCIV3K6,30166.46,36610.11
88,2018 Toyota Tundra Hybrid,9C670CQ3YRD0EECLX,37355.31,46628.85
96,2022 Toyota Highlander Limited,S776AHJ5KBRJI1OZG,18860.24,28055
3,2023 Chevrolet Silverado Sport,W978V4287F097PFH7,42806.17,47398
2,2017 Chevrolet Silverado XL,99ZSPCE9SXPAKD1HT,41275.25,43091.69
164,2015 Ford Fusion XL,QHT257LRUC2Q0ZMGW,16372.83,22427.99
88,2017 Toyota Tundra Hybrid,H32SQACN4OVSCI7TL,42923.06,44791.43
98,2015 Toyota Prius XL,55SBVRUC7PUF967D7,18085.02,20490.31
69,2019 Toyota Camry Sport,68JPDIFBBAFR1LU7G,18212.53,24074.03
176,2018 Ford Maverick XL,XSP5CJVWJ21Y6YLO2,22109.85,28654.71
84,2023 Toyota Tacoma Limited,FQK7W2U8OSBBXMI4A,32980.55,33955.41
1,2023 Chevrolet Silverado,FBJWB0DZ9T0DS5M5I,28623.89,34511.66
101,2017 Toyota Prius SE,L5TPIVHMIJW92K7B3,44323.37,49009.57
8,2021 Chevrolet Malibu XL,7CQW4KTMOQ7FZO4EH,37737.29,44538.81
149,2019 Ford Edge SE,6B6R58HP60W4KGDCX,35402.73,42620.07
179,2020 Ford Maverick SE,A0BBCUV5NTEWO96NL,36162.19,41429.96
84,2024 Toyota Tacoma Limited,3WMXHY1P504QPVIGL,27523.38,31997.75
166,2022 Ford Fusion Hybrid,NSK9X0S1LWB11386Y,43397.27,44638.32
69,2024 Toyota Camry Sport,HMIFZVBEHUPCHKVCQ,26003.51,26681.94
103,2017 Toyota 4Runner,F4E2VJCA5VGY73OV9,36710.64,38333.09
83,2018 Toyota Tacoma SE,XOG76K0BCJRZATZQQ,26738.71,34337.73
72,2022 Toyota Camry Limited,MA4R5UM34LFWEYHPL,44134.42,48954.32
44,2015 Chevrolet Blazer XL,MY721L0P83FQZEC5U,25359.96,32402.92
30,2019 Chevrolet Tahoe Limited,MGSRARIP1S40CZLZ4,28858.42,35051.58
70,2015 Toyota Camry Hybrid,VHWH0HZCS9FRQU2N5,38575.55,43707.03
105,2018 Toyota 4Runner Sport,JVMM2KUQ20TIY50I8,23010.7,25050.22
9,2023 Chevrolet Malibu Sport,NLWFUZ9CN6OWMGFBO,31400.26,36331.89
23,2019 Chevrolet Camaro SE,VF3SLHXI90VSCJNTF,17096.96,26617.5
19,2017 Chevrolet Camaro,WQ5TPUDQ3VRRKD0NY,16444.06,19027.88
148,2023 Ford Edge Hybrid,F4WO5P8STICIIMNC9,22919.58,23734.1
118,2021 Toyota Sequoia Hybrid,S10VM83JF2W8NOEEO,19910.13,26701.85
136,2019 Ford Explorer Hybrid,5ZGCFFMS4TXY99BYL,20977.37,23796.71
92,2021 Toyota Highlander XL,RXXGVB5VWJSX0C91E,24265.94,25315.78
33,2024 Chevrolet Traverse Sport,5MAFOO9NK9Y0R5XH9,36617.25,44848.31
97,2024 Toyota Prius,886BE67XOJBSFL6AG,39574.29,45286.22
105,2016 Toyota 4Runner Sport,2RJTJEFJZEM1Q46BN,20862.59,30403.97
68,2021 Toyota Camry XL,ZRBWEI8772PQRF2UF,26233.48,27985.94
144,2021 Ford Mustang Limited,NNKVPPJIHGD3GZA48,38514.51,40241.5
153,2016 Ford Ranger Sport,PV3JBBIW9FBHHWENS,19478.88,22954.35
48,2018 Chevrolet Blazer Limited,FLVDKKRWEUR0U2CX5,24628.99,29388.5
132,2016 Ford Escape Limited,OIWCWFBQ0WK2RV2RL,17667.71,19495.35
5,2022 Chevrolet Silverado SE,N9ZUGFKHT8LC3DKLA,42383.62,43193.68
158,2023 Ford Expedition XL,6O12YXT91JORQXC8X,20973.11,29438.48
173,2021 Ford Bronco SE,3V3NSU6UN0S23ESU3,18919.2,22765.7
39,2022 Chevrolet Impala Sport,1CQW1T6GSG038KPHD,22129.09,27483.48
26,2022 Chevrolet Tahoe XL,VYWAWSA9NEOOI6ZCZ,20201.69,27408.18
95,2020 Toyota Highlander SE,RZ62KYWVL15NCULIA,29680.9,35962.67
6,2020 Chevrolet Silverado Limited,B9XF6FQFJN5H0GW8T,24839.84,29820.23
26,2021 Chevrolet Tahoe XL,ID7WG4Y0PUZO70R0G,36528.98,37196.99
146,2017 Ford Edge XL,2GY79B7LTV895MJHI,37323.59,40419.24
111,2021 Toyota Sienna Sport,E9Z2O2KQ5POM3PGHA,39802.16,44288.53
127,2019 Ford Escape,MX4IC5EB2QRFNWOLU,27335.63,34924.39
66,2020 Toyota Corolla Limited,RHXOIR8K65KJN49I0,42346.93,51799.12
164,2015 Ford Fusion XL,IMZSL9Q6FYQC4W07S,43656.08,51237.25
38,2024 Chevrolet Impala XL,OTZLQ7RJZ06RV38PK,30301,39640.62
106,2018 Toyota 4Runner Hybrid,89ZCHXNLXFROCSUTX,43618.77,46477.32
173,2015 Ford Bronco SE,WZN54NYBCTCZZGQE5,30139,35005.14
177,2023 Ford Maverick Sport,NNI4OX7NCMHRC0WP8,32138.5,35474.31
37,2018 Chevrolet Impala,78Q3DX9G0H3CVA3EO,36410.75,37887.08
39,2020 Chevrolet Impala Sport,FMA28H236BWRDH241,26880.4,36219.45
15,2024 Chevrolet Equinox Sport,XEYOY1C52NQSKNC8J,29207.73,31632.14
59,2017 Chevrolet Suburban SE,07Q8PRRNPDQMG2E6W,33032.02,41655.37
78,2024 Toyota RAV4 Limited,GVU6TSAFABISJJQ2E,41554.87,44857.55
116,2021 Toyota Sequoia XL,710O4IVD3M6JIVQZK,42945.92,48189.64
159,2016 Ford Expedition Sport,IHHMVN3KWONICLB1I,42946.18,47544.15
29,2021 Chevrolet Tahoe SE,6A8F0PE6YVZEI3PVH,30671.96,34118.54
165,2020 Ford Fusion Sport,YHVQCGD4Q1OSM5AV3,18308.4,26078.65
51,2020 Chevrolet Trailblazer Sport,9X2YOCNMG9MZ1L3VR,23512.83,27100.11
22,2016 Chevrolet Camaro Hybrid,FR8K7KSWIQSK7VUJP,41413.34,49362.74
101,2018 Toyota Prius SE,H03XBHHMV5K34YZ4B,31489.9,40668.54
119,2017 Toyota Sequoia SE,JCWUC76P0PQUQX57Z,37622.36,44367.18
35,2018 Chevrolet Traverse SE,DYJR6FN4N0QDXFX47,23143.99,32734.56
73,2024 Toyota RAV4,RVX7NW2UEG4JDAEFH,42167.92,48082.27
38,2015 Chevrolet Impala XL,27LNSW6074DC224V4,25430.49,28841.16
164,2020 Ford Fusion XL,29ZMODQ4NBYDEJZQH,43388.29,49251.5
56,2023 Chevrolet Suburban XL,0PF1SX9NXKOMHZ78Q,22547.64,31024.84
96,2021 Toyota Highlander Limited,Y56M9MXBQXZ7N6ECC,17333.37,27018.89
179,2015 Ford Maverick SE,HAEZDL2B47NY8HO2Z,30786.91,35747.86
67,2015 Toyota Camry,COFLDMECHCG3IOGLR,17797.4,21423.47
138,2024 Ford Explorer Limited,6GWJI0VXCR7L7JPVD,19703.93,28262.31
107,2015 Toyota 4Runner SE,BZ70FLDM80EFCFBJA,18377.66,21250.14
10,2023 Chevrolet Malibu Hybrid,O8PB929ESJZ9O2GFW,31935.76,39706.81
124,2017 Ford F-150 Hybrid,O4A0ZWQBFDQTJ5MFO,32262.35,33526
9,2019 Chevrolet Malibu Sport,2D5ZYHX2WIZ4ISE75,38886.52,41820.64
65,2023 Toyota Corolla SE,Y9JUAYYFI2JARNKUU,42903.95,51177.37
71,2020 Toyota Camry SE,MBB7RVRHZ753Z1BMT,17195.84,24633.19
40,2022 Chevrolet Impala Hybrid,0ZTQSY8DZTA2E0GXL,38174.92,46974.83
31,2015 Chevrolet Traverse,3PH3SX5ETY6NYBUZ8,43932.39,53760.86
27,2015 Chevrolet Tahoe Sport,RW4CWYYVDHAGUOMZS,18729.43,26017.37
86,2019 Toyota Tundra XL,82SI33U9WLF2TJROM,40169.3,47277.96
154,2022 Ford Ranger Hybrid,M6CNE75A560W7LF3I,15727.39,18293.56
25,2015 Chevrolet Tahoe,IU51RBJB6F5XE2SOM,33912.89,38830.86
138,2019 Ford Explorer Limited,L9AWZRBUU432UWRMJ,15605.42,23889.27
50,2015 Chevrolet Trailblazer XL,13JFH326Q6CJ5VO8P,21152.69,27623.36
5,2022 Chevrolet Silverado SE,FK4SP9EF5ZUKBF48S,23804.83,27410.59
86,2020 Toyota Tundra XL,XID03JEM3AMKMBEXN,39695.02,47026.06
9,2017 Chevrolet Malibu Sport,PH0Y897WDHTQ1LZAS,17442.73,25052.31
12,2017 Chevrolet Malibu Limited,ID7PKC7276K0TMDPU,18028.07,23943.73
41,2020 Chevrolet Impala SE,GLW88HXQ8A9NVRQXO,29027.74,34067.73
16,2016 Chevrolet Equinox Hybrid,CWPBU2N4JRQQ1PSSW,35210.67,39143.52
160,2015 Ford Expedition Hybrid,KR8RWF1XRASIZ20UZ,24837.29,25665.89
3,2018 Chevrolet Silverado Sport,RX6E7ZZSEYBALR6DT,17642.69,21259.25
4,2019 Chevrolet Silverado Hybrid,ELIZQOW0RU028U1MW,25208.66,32853.48
58,2023 Chevrolet Suburban Hybrid,VOVCC8C1PDW97WTRA,41155.83,43260.5
112,2019 Toyota Sienna Hybrid,BSSF97FS24NBKU3N0,19609.46,29572.7
136,2024 Ford Explorer Hybrid,RV0M6QKUTNLGMIKEB,33752.89,40459.81
163,2015 Ford Fusion,IY5908WZH143V8G97,40809.16,47174.66
172,2017 Ford Bronco Hybrid,TAYO42RFF8VNWED5F,27203.88,33844.14
164,2017 Ford Fusion XL,V2IBUDVYNCXRXGMSD,22018.1,26619.79
176,2018 Ford Maverick XL,WMFKM34QKRYOHUL97,39411.58,46029.51
119,2024 Toyota Sequoia SE,9HNUKEZDN632T3EVN,38971.07,45072.93
162,2017 Ford Expedition Limited,8E4FVV55QD1SB6X80,34337.21,42913.7
138,2018 Ford Explorer Limited,ZCYJKR3OBRCOKYJLW,42251.09,48360.79
121,2018 Ford F-150,AWWS2T3JU7ZNIITED,42225.03,47842.23
74,2018 Toyota RAV4 XL,XM8PLSTYPWPNDPWVZ,41329.22,45586.94
122,2023 Ford F-150 XL,IUE5DPXA2KJZ7SZTT,44925.01,54886.83
92,2020 Toyota Highlander XL,HX4K56PQAHWXXLM7B,43136.11,43653.59
166,2015 Ford Fusion Hybrid,QK59YIA8RRJO5Y9SM,36917.94,38141.23
60,2019 Chevrolet Suburban Limited,FPBWQNTDO3DTC5YA2,22616.24,23808.82
9,2022 Chevrolet Malibu Sport,RPD4HSPYVTW9GSPFD,20136.52,25057.44
172,2018 Ford Bronco Hybrid,GWK2R6WH3NMGPPYPL,15731.14,20282.65
130,2017 Ford Escape Hybrid,RF252NOKI0353MYTX,43443.54,45091.79
31,2016 Chevrolet Traverse,15E1TPODBY959RF3D,32615.99,38346.35
20,2020 Chevrolet Camaro XL,Y1KG9BNL9XN6YYRWI,29052.82,34161.23
157,2016 Ford Expedition,0KLFEI0KBF7U1JL3W,27032.03,35234.51
52,2023 Chevrolet Trailblazer Hybrid,GZHDKG0LLNKAZZ2PX,23135.59,28936.5
62,2016 Toyota Corolla XL,KFE1QNJGZ76LELIJ4,25966.19,26728.56
52,2020 Chevrolet Trailblazer Hybrid,XUF74CB0WTQFMIOI6,44062.41,47282.74
83,2015 Toyota Tacoma SE,90KQPEIDQJYJM5BZ8,32866.13,42697.67
102,2018 Toyota Prius Limited,XAD70A1TOS9PC98F3,23784.22,32371.62
73,2015 Toyota RAV4,GK2OU0BCB095D9N8E,23434.62,33306.84
1,2016 Chevrolet Silverado,XYGTT8ZYKYF4AH1UR,26568.12,33760.69
126,2024 Ford F-150 Limited,Y2G1LMCZGL4GKI938,39929.45,42168.17
75,2015 Toyota RAV4 Sport,MRSYKZOBYZX23VHIB,35937.2,42770.2
27,2022 Chevrolet Tahoe Sport,2MWPAD93PTF90WZRI,28855.1,29428.87
124,2020 Ford F-150 Hybrid,YZR1CRJAVAM7OFJMC,26175.79,35230.04
143,2016 Ford Mustang SE,9W7NWRSOBMC47SL5H,23722.28,27322.01
167,2019 Ford Fusion SE,0M6H8ACS4JERKZ221,41799.42,49856.8
180,2016 Ford Maverick Limited,T6XCX09V87FMNHILG,37893.24,46392.17
89,2021 Toyota Tundra SE,IOAQQZG375O8UE8RS,22505.16,24215.84
154,2021 Ford Ranger Hybrid,RZASEM5XOLT0DIWOG,38451.36,45128.29
62,2017 Toyota Corolla XL,GDTM8U11LEFRKJPHF,39981.07,45982.76
80,2018 Toyota Tacoma XL,T1IEGI261UDD95HDZ,36528.87,38085.16
102,2016 Toyota Prius Limited,T2HVCUIXV7PTWZVDS,15802.48,16885.83
150,2022 Ford Edge Limited,OP9J0OL7XKLQIDKEO,35730.74,37429.23
88,2015 Toyota Tundra Hybrid,ZTS3B59JFR5FU1M1W,18771.96,26383.55
1,2020 Chevrolet Silverado,LCMFXQCLV395X67B7,29944.09,34968.59
1,2023 Chevrolet Silverado,UXWT1Z1R8ZSCN1UMG,38581.86,40124.3
6,2018 Chevrolet Silverado Limited,N1XD54UFSNNWFJ0WV,42618.61,43504.96
102,2018 Toyota Prius Limited,7MHQQJ8VD57CI807D,22067.29,25285.59
74,2018 Toyota RAV4 XL,27CF94BFN0IUJ50UI,44686.5,53446.82
116,2019 Toyota Sequoia XL,3BLYGNON5RWRCABTG,30242.71,37260.62
1,2022 Chevrolet Silverado,9XCAQEESGHSLJFVXK,37071.59,38579.46
64,2016 Toyota Corolla Hybrid,VVSJK7NKWBLPPYFGS,15881.98,19345.78
44,2021 Chevrolet Blazer XL,YKO9TKWG8PUH8D477,24543.07,32064.68
16,2023 Chevrolet Equinox Hybrid,LPXH98YZ7ZDRLDRPC,21225.15,24484.76
141,2024 Ford Mustang Sport,0OQCH05LCH6OSEID6,25530.57,29037.56
78,2017 Toyota RAV4 Limited,3SFDNTDD40TDVYVTX,26010.7,27044.04
119,2017 Toyota Sequoia SE,SX7D3LT19X3SNEUC0,28538.68,36943.54
5,2016 Chevrolet Silverado SE,HR12OO5F2A99PYL0E,43589.93,45050.7
150,2022 Ford Edge Limited,QHM6TW54KZRMO178E,21395.24,30340.85
106,2017 Toyota 4Runner Hybrid,9BJ51URRURMBCOPJV,21394.33,27922.86
175,2016 Ford Maverick,EAZSQHXZF64DZU19L,25061.61,34857.31
35,2018 Chevrolet Traverse SE,S65X9F76OHEB6AH5X,31058.16,35320.15
2,2022 Chevrolet Silverado XL,C5DLZYW78C962S92H,30854.49,35347.39
129,2020 Ford Escape Sport,NJSWGX6HNYRNKYFOV,39411.39,40473.15
149,2018 Ford Edge SE,WTXJ2001UYUJ3DT2C,26969.08,32303.72
142,2016 Ford Mustang Hybrid,2V78TH53JSFA8OZMD,16388.29,18242.94
123,2020 Ford F-150 Sport,IS2IFEFFGOB38DM5V,28842.15,34607.51
128,2023 Ford Escape XL,J8F1DCVM9MHK4ASHF,21690.06,26282.08
140,2024 Ford Mustang XL,STID9QHE0U1MSKSTN,16850.17,26296.67
44,2015 Chevrolet Blazer XL,B3MDST26OZHJUCGG7,16950.91,23241.84
56,2020 Chevrolet Suburban XL,RVLX7A9XR35A8FIKL,16374.36,24598.12
178,2015 Ford Maverick Hybrid,J7R0VIVX2I4S3DON0,24259.25,27742.98
32,2023 Chevrolet Traverse XL,S0O07WUAES9CMSFKA,26277.98,33738.07
174,2022 Ford Bronco Limited,7R5IXP5VIUEYOVE3M,18212.68,24303.26
165,2015 Ford Fusion Sport,84PS0RFLZRF079M9A,20327.51,29144.16
37,2022 Chevrolet Impala,RVL8WUPGNNHWRV0OO,17858.07,19127.41
174,2019 Ford Bronco Limited,H0ULGQ6O9ZPOXPDAO,28607.15,34965.2
86,2017 Toyota Tundra XL,RJW2XLD4T9XS0UEFL,15931.16,23953.42
115,2018 Toyota Sequoia,3X2NDRRYFV91N29E0,21165.93,26391.36
172,2023 Ford Bronco Hybrid,XOH9Q08ES6G9QLWGP,32331.98,40385.49
99,2020 Toyota Prius Sport,4VS3Y697RBL5ODXHG,41959.97,50511.29
159,2019 Ford Expedition Sport,P5SAL8D5WE76NBCVR,42378.24,52284.54
59,2018 Chevrolet Suburban SE,Q2S8RQY419LTFE09A,23650.52,32873.39
84,2020 Toyota Tacoma Limited,D1D5K4NAQTXJI9CMX,29875.31,34484.42
94,2015 Toyota Highlander Hybrid,IPPHIUHUFL5BKIACL,30022.78,33248.84
143,2017 Ford Mustang SE,X77DYVVO9PGMWURZI,18386.04,25692.12
19,2016 Chevrolet Camaro,32K092W2DA2WAFISO,30483.56,37097.33
49,2016 Chevrolet Trailblazer,WRG1XUEEMCHH8WVEH,35497.6,44451.22
93,2020 Toyota Highlander Sport,6LUJ9I8SAZZOT2Q82,37986.51,41358.5
87,2015 Toyota Tundra Sport,VCRXY7C64NSF7CO5R,43668.54,49548.98
119,2022 Toyota Sequoia SE,E3M59OOR861OBHSYF,29543.22,34070.34
101,2023 Toyota Prius SE,DKVPISRXXWDM2QN5K,44964.55,52161.36
74,2019 Toyota RAV4 XL,1RI3ROIEDRLGJ179R,36024.97,38065.55
147,2018 Ford Edge Sport,B8A5H7JSNJFYR80KO,29357.8,38483.9
79,2020 Toyota Tacoma,FIWUGMERKRV24F20T,41434.69,41934.84
61,2019 Toyota Corolla,H7X1WXVECHNC3YLYX,16878.5,21512.63
39,2016 Chevrolet Impala Sport,D9HKVU6BRJ8VZJYN8,26155.35,28284.08
142,2021 Ford Mustang Hybrid,MI55SRJJUZ3QN8NLY,31582.44,36480.25
23,2015 Chevrolet Camaro SE,4AGU70EF9U7EAJX8V,18444.55,20132.79
138,2021 Ford Explorer Limited,U6QVWP04SOZRU5UK1,19965.83,20493.62
148,2022 Ford Edge Hybrid,0KZS1M2L3AM813E3A,22859.18,31551.81
179,2024 Ford Maverick SE,K3FOZ37OYCL6O336D,15604.66,24012.6
21,2021 Chevrolet Camaro Sport,DHIKJJ5WRAE7ENDQD,16993.47,18246.17
89,2017 Toyota Tundra SE,YJ19UGTRHEBCZZJZ9,32749.27,40988.86
160,2022 Ford Expedition Hybrid,EILEUP4GFUI6Q8B09,35928.76,40234.48
73,2018 Toyota RAV4,BGSMOPUVN9L4OZUSC,25274.48,32625.2
76,2024 Toyota RAV4 Hybrid,F6RB6RJ2R7Q7DH10A,21216.94,28294.92
76,2020 Toyota RAV4 Hybrid,SKUA8OOAA4TLR4RTM,29421.84,36536.89
111,2019 Toyota Sienna Sport,7LIPTBNN6EEHMU4VE,25618.31,30003.01
179,2019 Ford Maverick SE,1YPEXN63NZ95S1SQ4,19450.92,21367.95
143,2016 Ford Mustang SE,UGJT9RDK8MOG6A4WO,40694.01,42693.88
106,2018 Toyota 4Runner Hybrid,4GPE7A7S2CHXN7Y8N,20161.16,27910.24
150,2023 Ford Edge Limited,QB9N5402HXBS7KDGU,42126.29,46229.9
12,2024 Chevrolet Malibu Limited,WL9B53EH4USNFNOXT,40053.22,48680.33
115,2022 Toyota Sequoia,3W3WQFC90NBQ4JICV,36848.65,38178.8
84,2022 Toyota Tacoma Limited,6WGPSVDVTYYPVQVA6,37848.16,41122.74
94,2023 Toyota Highlander Hybrid,0AATMSZT1YWEQRVPK,35409.56,38871.07
125,2015 Ford F-150 SE,A2LEF6VRKC4WURU85,42266.54,48998.24
123,2023 Ford F-150 Sport,T15UU2Q9HWQUCKCHQ,25371.86,30263.19
7,2021 Chevrolet Malibu,OR0F50V44H5GUYEWV,17608.21,24981.85
155,2020 Ford Ranger SE,T8ZZ1CWSIJUD07KCX,24088.61,31150.26
93,2021 Toyota Highlander Sport,V4P9M96R0CN0GBASV,18207.75,25525.87
74,2016 Toyota RAV4 XL,UYZBA0B2O6RDWXMJJ,30015.32,35230.02
80,2018 Toyota Tacoma XL,M3EUIDCQJFS7W9Y4J,24060.41,24633.52
63,2019 Toyota Corolla Sport,CSXVL4TDRZYFPKV4M,18992.99,25045.72
73,2022 Toyota RAV4,P4AGL8TLT84OFZU84,41962.44,44295.19
145,2020 Ford Edge,YBGHQWWU7RYMU0NYR,18292.91,27079.97
123,2021 Ford F-150 Sport,Q6CYJ4G2U2N4OFQT6,31795.33,33095.17
143,2016 Ford Mustang SE,QX6HUMQKHK8LQ6ZP4,24938.82,26193.43
13,2021 Chevrolet Equinox,KN11N1NDE2N18JZ76,18444.97,20677.04
172,2022 Ford Bronco Hybrid,RTH4T1VIM8X2484M2,30806.68,40049.08
71,2024 Toyota Camry SE,M8YK8BKXRB5ZZKS23,16074.18,21126.5
72,2019 Toyota Camry Limited,PYBGBLGOHLUBIE6VC,36247.11,41169.99
122,2023 Ford F-150 XL,7I47FU1ZXW62SSX52,29996.73,37422.13
44,2015 Chevrolet Blazer XL,CD6QUHYJC1UUS9AX4,19141.26,20147.26
106,2017 Toyota 4Runner Hybrid,4ARK7VGGHFGASOJ6Q,39539.83,41902.77
37,2019 Chevrolet Impala,F1LAQFYEYA5MNPT2B,32216.33,39854.54
9,2018 Chevrolet Malibu Sport,XS3JVSSRAQZ7AS1P6,28228.53,36497.39
128,2015 Ford Escape XL,OLPP5C0P2HQWSABRZ,28806.77,35786.08
104,2019 Toyota 4Runner XL,C1EGIRPBGPRAQ0RX9,37312.58,42706.86
92,2016 Toyota Highlander XL,RANQ592CWZBHPOP47,36217.87,42024.45
54,2020 Chevrolet Trailblazer Limited,VQSG1F7VL6VBNI2SN,44385.3,52470.88
173,2017 Ford Bronco SE,I0JLDBUU599DIOT59,43145.79,44430.22
143,2020 Ford Mustang SE,MFY2079YZ6ICYPC89,42201.45,43287.19
93,2018 Toyota Highlander Sport,H5E66PIX8VW6TPTB7,36928.43,42182.87
70,2017 Toyota Camry Hybrid,SH6J8VI0DXVWG3Q3X,21617.18,27194.17
53,2021 Chevrolet Trailblazer SE,M02RVAD0S3WUXOHN4,20137.6,21917.78
35,2018 Chevrolet Traverse SE,D4LJ43YQ0LUHFC5KG,24034.65,33192.68
115,2023 Toyota Sequoia,NWSFPDEB42VC7GRKB,32707.85,35212.59
120,2021 Toyota Sequoia Limited,124V83MZBVDO88IR2,18995.3,25599.09
159,2016 Ford Expedition Sport,S47I7M913WR382WXF,22041.67,26165.73
174,2019 Ford Bronco Limited,UMF8O8708E91BBX5N,30094.79,33039.49
150,2016 Ford Edge Limited,6DYEMZX7P3I8JN2GO,22070.55,23123.71
165,2017 Ford Fusion Sport,M3Y6AYTWJKOO00WRD,24196.45,24866.1
46,2020 Chevrolet Blazer Hybrid,4BUE37DH0NH0RKQ8I,32674.47,41197.75
64,2021 Toyota Corolla Hybrid,8G7PMUAUID9GFKTTV,22335.2,28397.77
56,2021 Chevrolet Suburban XL,SE712IJRU7Y6PDVWR,34446.67,43372.82
152,2016 Ford Ranger XL,57B6ANTKET6QANZW3,26963.42,34842.65
167,2023 Ford Fusion SE,044CC45JD7RKNSMKF,16224.57,17448.88
170,2022 Ford Bronco XL,ASRM5WUAIYCNHK662,34423.21,43143.6
81,2020 Toyota Tacoma Sport,FVV3WOBVKYNYIGTC0,15916.7,23005.36
12,2022 Chevrolet Malibu Limited,CLCLX47H4WMU6AO1E,15575.33,17464.23
5,2018 Chevrolet Silverado SE,LHWY1F4BQEYRZSF2G,35677.83,41369.51
69,2023 Toyota Camry Sport,WMVCR5550MTUI9Z82,39259.7,40314.18
115,2020 Toyota Sequoia,LV8VCOZ7H9J0Z8RMC,39702.61,48829.5
54,2017 Chevrolet Trailblazer Limited,F841LD59363TMYMQK,21399.71,22711.92
125,2017 Ford F-150 SE,J92J42EHYO11Z3U5L,25953.35,27036.82
97,2019 Toyota Prius,FOAOV83VZU1VDT4SJ,34107.79,41980.2
10,2023 Chevrolet Malibu Hybrid,THCF0S29A196HWJY9,29198.89,29840.01
40,2019 Chevrolet Impala Hybrid,H6ZYREI819GM2R2CW,38020.58,47519.75
43,2021 Chevrolet Blazer,9DFGEH3NDHFPQW1OF,17715.16,22223.7
169,2015 Ford Bronco,0M3G4S4L4HT2HZRBW,17922.71,20008.43
154,2022 Ford Ranger Hybrid,4GKWJ4A2Z3LPZZ4W9,30367.58,31910.08
58,2023 Chevrolet Suburban Hybrid,QHOY0W971XE7CTUBM,32519.33,38700.06
75,2022 Toyota RAV4 Sport,PTPKMKW8LDTVGUSC8,34372.03,40466.7
41,2022 Chevrolet Impala SE,WYH6SLL5QHJ4Q5P8E,35882.88,43885.38
117,2022 Toyota Sequoia Sport,GU1GULJBUYZLNL7U5,39041.61,46802.28
175,2017 Ford Maverick,UO2CBASD7IIBC2C83,35168.26,42476.56
170,2024 Ford Bronco XL,HV42YY5A4BUFM7QVG,33971,42214.49
153,2021 Ford Ranger Sport,2UBQI165WNR90MJFF,30849.95,33957.65
176,2018 Ford Maverick XL,IPTDYXT4VUPO231BI,23344.88,32307.13
51,2023 Chevrolet Trailblazer Sport,QTMCPAJKMCY120IB1,20501.07,29636.37
120,2020 Toyota Sequoia Limited,T60VT7NTTRRHJGYXI,17742.08,18850.38
166,2023 Ford Fusion Hybrid,XB0ZDH0B74R8UGS2F,19143.09,25247.81
77,2024 Toyota RAV4 SE,GQMEFDN9GFV0S18JR,40957.07,41981.56
60,2021 Chevrolet Suburban Limited,2T808X6Q9Y8DKYN0S,41980.38,43642.8
128,2015 Ford Escape XL,33VUHAI5PPA25CMGB,30229.8,38849.12
119,2015 Toyota Sequoia SE,4527KJVNPTWIYD071,16208.31,25698.06
103,2015 Toyota 4Runner,CQDFY8A6ZXXZJ2JPE,37140.24,44613.34
90,2020 Toyota Tundra Limited,DSVBFPUBN2OJB257F,34353.62,37914.73
153,2020 Ford Ranger Sport,KQMSVC2YP9U5EA5CC,19634.64,28692.42
75,2015 Toyota RAV4 Sport,FR8C4ZP67MMCUUZ0I,30947.15,33163.09
32,2024 Chevrolet Traverse XL,Y6JDU4OWKCWRD07IO,31253.42,38290.68
28,2020 Chevrolet Tahoe Hybrid,9P2LECQZDM288CTKV,35903.43,40486.78
98,2019 Toyota Prius XL,17P23E2FBGIJ455S8,44216.39,53549.07
3,2021 Chevrolet Silverado Sport,NO5SSQBHTBWBI5HL0,39387.88,47830.22
39,2023 Chevrolet Impala Sport,CZK55J4VRU3W2C73U,28442.32,34798.36
114,2024 Toyota Sienna Limited,65SKSAWX4ZN4CVTKE,36496.48,41337.51
144,2015 Ford Mustang Limited,NHXIHJFC9Q9GDE24N,34534.93,42009.77
130,2016 Ford Escape Hybrid,5ZB9OD4TR4T7X19FU,26789.54,27748.41
44,2023 Chevrolet Blazer XL,P8WEA2NVJDY2H1M0T,29659.36,32538.85
50,2019 Chevrolet Trailblazer XL,EIT0ZLQF4OH1M95ZM,41726.33,48916.7
67,2018 Toyota Camry,JJYMQ2TYH5I2O8ODW,22713.23,31386.49
127,2024 Ford Escape,OSYV56RF7OZSJ2JYR,20447.11,25426.07
108,2022 Toyota 4Runner Limited,P2IOAAAZYJVYIM42W,34633.21,43774.36
85,2018 Toyota Tundra,83PSRCZ26NNIOUE03,27081.57,34238.58
55,2019 Chevrolet Suburban,GHFGB2JELUH19MIIJ,36884.27,45084.8
77,2019 Toyota RAV4 SE,89Z0UO0676BA0DKL0,32857.9,40501.51
111,2015 Toyota Sienna Sport,2IEGCQ9RY4NK3SNDD,15560.66,19228.42
118,2019 Toyota Sequoia Hybrid,E13X0QCE39PHS06P9,29611.78,37646.88
163,2023 Ford Fusion,LNZ8MAPHTIT5N5P62,16308.39,17997.69
95,2021 Toyota Highlander SE,IYXJTQK0CMGEQWBIJ,26009.04,29572.37
51,2018 Chevrolet Trailblazer Sport,IPC9YALQT018MLIU1,36363.53,39840.92
36,2024 Chevrolet Traverse Limited,2DZ28TKTB3S2XMTQK,41533.99,43697.24
135,2022 Ford Explorer Sport,8DICBH0QUEZXCZUXF,40824.62,48339.38
11,2019 Chevrolet Malibu SE,2DZUJSY04VH176ROO,44279.66,46159.78
38,2019 Chevrolet Impala XL,7QU4JWXYEZ5D5X79U,23580.01,31120.22
5,2022 Chevrolet Silverado SE,0RDVJTHIFVHG0GPFP,32473.05,36892.13
62,2015 Toyota Corolla XL,Z70I3H713J1JV3UZE,29782.19,39290.7
172,2017 Ford Bronco Hybrid,ABF7D1ZVI13YYUYNN,35594.27,36311.96
71,2019 Toyota Camry SE,9J3ARLSNB1S74KY8U,28105.21,37670.62
116,2022 Toyota Sequoia XL,HLBAB83HFEPG1VFU8,29370.76,30120.49
127,2017 Ford Escape,BTB77ZBT3BLKO8I1Y,17318.98,19845.73
63,2016 Toyota Corolla Sport,RVFOJ4QXJ67W20W8K,20159.66,24007.49
178,2024 Ford Maverick Hybrid,4UNBVXRYTK9Z62RPE,42252.97,51812.08
87,2024 Toyota Tundra Sport,NJ7FX3UES1A6ZFFYQ,42506.19,49674.01
177,2023 Ford Maverick Sport,6UKFQPJXCK9TKCIYS,15922.08,24207.61
117,2024 Toyota Sequoia Sport,GEQ805TKVUB38JURK,40992.8,47878.57
178,2016 Ford Maverick Hybrid,P5K69MN9H1413PBXE,22443.6,23846.72
178,2019 Ford Maverick Hybrid,YAB4GUH33NYDL2G3J,37218.84,44306.74
137,2017 Ford Explorer SE,Z060SL1OJ4PEKLVKJ,20029.58,23217.95
172,2019 Ford Bronco Hybrid,1JNMSS2JN02YLIH92,43232.63,48311.44
178,2023 Ford Maverick Hybrid,YG28XWDZVOVW9R58U,22221.59,28101.43
1,2023 Chevrolet Silverado,DRM1YAII274CG0RBP,21507.38,27794.51
50,2019 Chevrolet Trailblazer XL,WNO4HUBNSPWZESD66,23626.47,26523.15
7,2022 Chevrolet Malibu,OTL5RB2TEB32GBZ1A,18349.33,21642.5
124,2022 Ford F-150 Hybrid,C2T7H2TIQDMU93A1T,20571.21,28543.19
146,2022 Ford Edge XL,CYF87306A1VNQIDVF,38650.96,47176.74
51,2024 Chevrolet Trailblazer Sport,OYGWSLWEEUIT79ORX,36911.15,43635.37
135,2019 Ford Explorer Sport,N05P4MWHDXYSDREZO,31902.54,38619.92
78,2024 Toyota RAV4 Limited,XSKS2LA06HRU6HJTA,44418.54,48179.15
38,2021 Chevrolet Impala XL,GTN0GV4Q0GU6PSPQ4,32724.93,34844.69
20,2016 Chevrolet Camaro XL,N2G1I10QOC37PN04M,43744.87,48494.67
34,2016 Chevrolet Traverse Hybrid,900C5TZ6YJO59YR9W,44794.11,54083.32
56,2023 Chevrolet Suburban XL,GS4ZM91EGCU3PPL2M,22820.78,32782.97
114,2023 Toyota Sienna Limited,EPW5M44TAH28TDL4F,37325.34,39134.26
88,2020 Toyota Tundra Hybrid,CDKP0AYGHS6708EIK,30304.01,33162.56
46,2024 Chevrolet Blazer Hybrid,EW30IMYD3N2SZZ7JA,34187.75,36588.7
32,2023 Chevrolet Traverse XL,ZUFHL4YLF9LUN9GBB,38326.25,46511.26
116,2015 Toyota Sequoia XL,L33VX4O4Q2K95QPR4,19594.88,28710.35
119,2017 Toyota Sequoia SE,LA2V3I9DP1MVNW76B,23786.56,28345.24
16,2022 Chevrolet Equinox Hybrid,K9FFDILCIGYSB4KCT,42582.12,51590.26
163,2023 Ford Fusion,6R5ZXVQOASCDEUE5V,38845.92,47518.59
46,2024 Chevrolet Blazer Hybrid,TEQXI17KSILQ8EJ4O,22333.83,24781.66
28,2023 Chevrolet Tahoe Hybrid,1V9SGX3EK5CIXGCUX,33957.08,35548.73
88,2015 Toyota Tundra Hybrid,PLGBGPINNS8YA5RBN,16845.57,26692.5
103,2023 Toyota 4Runner,F3CZYM3PTW57YIOSA,15659.84,17835.52
153,2019 Ford Ranger Sport,4EUL433DNZNAHOMVF,40414.95,41530.65
53,2024 Chevrolet Trailblazer SE,XXKCBMSIFHLCHL8SV,33667.77,40664.37
109,2021 Toyota Sienna,BUCKNWMHBEVRSKZ57,43375.19,45782.95
160,2020 Ford Expedition Hybrid,H01TG184UFJ59Y98G,32319.62,36570.27
17,2021 Chevrolet Equinox SE,YY2WGBDNKE0LIMLN8,40652.65,45391.54
67,2019 Toyota Camry,K4CNM771P8UISCB3A,15795.33,23406.97
75,2018 Toyota RAV4 Sport,Y91SLXBY93M8IG3B1,35688.85,38723.45
54,2024 Chevrolet Trailblazer Limited,4U86EGV0B2M353DPT,24298.72,33813.73
126,2020 Ford F-150 Limited,AN2PEIXMP8L5M3NWC,22773.14,26094.27
169,2019 Ford Bronco,Z5KMQ0QK50D321QML,19359.52,25225.68
143,2018 Ford Mustang SE,RN0UY9DC84A3GEY3I,42541.83,47414.85
29,2018 Chevrolet Tahoe SE,H2WGOL6BJNJ6VCLC5,32748.09,35506.68
45,2019 Chevrolet Blazer Sport,S0Y9HSLI1CP1D7CNX,38701.2,46938.74
161,2023 Ford Expedition SE,MKUIY58PZ8EYAPCSR,20310.32,29571.13
176,2020 Ford Maverick XL,WKORKSER3K4KZ8MQ4,25854.44,34372.61
60,2023 Chevrolet Suburban Limited,R7AYW5858T384JAJL,17767.46,18720.68
14,2017 Chevrolet Equinox XL,ZNFIAY1AT64SP9MLV,39246.75,40474.2
102,2015 Toyota Prius Limited,6BYPC21T4VAU2IFJ5,37880.15,39828.6
51,2018 Chevrolet Trailblazer Sport,CL06KJI66O2NI0NEW,24268.94,26906.37
144,2017 Ford Mustang Limited,NVWLJV71QXJ0VWTVH,30098.36,33582.92
23,2019 Chevrolet Camaro SE,7L19YNAQ7SAKB96ZV,24385.09,31980.72
79,2022 Toyota Tacoma,1MPO00PKIJYZ8UQ2M,30672.65,38694.54
36,2019 Chevrolet Traverse Limited,WN049VWYDA1ZH4WL4,35986.84,40059.65
122,2015 Ford F-150 XL,PNQPT4EVKJL7ML5KJ,20540.51,23510.58
135,2021 Ford Explorer Sport,1IPBFHLCP5AUBRPDE,22423.99,28019.04
33,2019 Chevrolet Traverse Sport,EXF85IHKGBXHKVNZU,15814.81,22622.67
97,2020 Toyota Prius,UJE4J2UJHHML5X2S3,22050.42,31378.08
48,2022 Chevrolet Blazer Limited,0UGLX1F5MLJ1TZ260,21975.32,26224.41
146,2018 Ford Edge XL,CBY6TIWGEGQVKP6NG,16113.68,21553.49
108,2023 Toyota 4Runner Limited,5OMYMVH8253FT7J2R,21497.12,26392.89
66,2023 Toyota Corolla Limited,VV2JCCWH0M25BBGK2,28056.45,30683.93
71,2019 Toyota Camry SE,2UVTZY5YYMCV28OAN,35572.83,38497.76
173,2016 Ford Bronco SE,E6B80LKOUA1SW8K5F,34798.44,39098.36
107,2024 Toyota 4Runner SE,4G2BHHLOW0EVBB937,37917.69,42923.55
169,2020 Ford Bronco,NFSD6AH7KSV18XBPS,26789.47,35264.42
67,2017 Toyota Camry,W83FY3OZAEUFJZ572,40392.91,47001.26
121,2021 Ford F-150,DADWLHVPPHVQ3R5Z2,41883.7,45725.55
85,2021 Toyota Tundra,952TPNPD8PW3Q78RV,16335.45,22082.1
100,2017 Toyota Prius Hybrid,NRA2NPQMAY7C2K74P,25591.46,35575.04
111,2024 Toyota Sienna Sport,87ZSF1T92D1L08MB3,26069.11,28425.11
72,2021 Toyota Camry Limited,WMQJ7LA9WAJ052AIF,29061.93,31203.35
54,2023 Chevrolet Trailblazer Limited,MF3EP5HYDRY8A4N0I,17145.75,18478.53
101,2015 Toyota Prius SE,LVTE6O5CWAEPMH37W,35481.3,40764.36
144,2020 Ford Mustang Limited,DTJQ3BHYBR7FAWDFV,38811.07,48786.08
95,2015 Toyota Highlander SE,MQIPGBXKDTW7CF3AR,15237.66,25211.1
2,2024 Chevrolet Silverado XL,IZ4GU2HZNUUH7ZQY2,35969.73,36771.22
24,2021 Chevrolet Camaro Limited,J4XS2NSOMMQ81OOUA,43265.67,49186.03
126,2015 Ford F-150 Limited,KGVYLWCGWC1GNNRJR,43333.27,51561.44
164,2022 Ford Fusion XL,MOZQIVH6HV4TZVDBG,31677.8,40130.65
77,2019 Toyota RAV4 SE,TZQLM5YRKOOT35VQM,30782.25,40188.19
68,2020 Toyota Camry XL,1KVPWKWUNGHS1RU9H,38653.95,45040.87
145,2019 Ford Edge,B6O8GTEEE6XR0XKKG,25364.98,26181.83
102,2019 Toyota Prius Limited,US5XHAW9MQDUQYH3T,26938.05,34605.15
45,2018 Chevrolet Blazer Sport,S5IVDEM1Y77HUL1KH,24635.39,34316.66
111,2020 Toyota Sienna Sport,UJFQPR64ZLOM7B9GW,35054.21,36509.87
113,2018 Toyota Sienna SE,2QKJLVIY8DQW2P0QG,30756.22,32072.36
147,2023 Ford Edge Sport,XHF7YDN47RJE9CTQ4,24218.37,30984.69
111,2018 Toyota Sienna Sport,3FSZ35SRPGEU3B2KO,37417.24,44040.96
39,2015 Chevrolet Impala Sport,91RNGJ4XKA33ARLUS,18584.45,27242.73
76,2024 Toyota RAV4 Hybrid,64QU3CDYSRZA64UT6,30074.68,36486.61
80,2016 Toyota Tacoma XL,4MXQ659PO8N9YJIT2,36265.23,44202.39
18,2023 Chevrolet Equinox Limited,CVMEBWY23NJNUM6PW,40812.76,48028.32
173,2020 Ford Bronco SE,YGTLR026YHFETBSD9,27536.22,32135.03
115,2015 Toyota Sequoia,YV343C5EQ865VCNJO,38170.13,47294.77
28,2015 Chevrolet Tahoe Hybrid,JX6QUFGQZPXB00Z2Q,35603.89,39899.15
155,2023 Ford Ranger SE,BMO503AP5XCDPZ3RF,31074.18,35791.66
77,2017 Toyota RAV4 SE,ZNFHOGBHVZT3RLSED,30026.96,38274.58
92,2019 Toyota Highlander XL,AR8H3FQ3IFOVWOQGE,30939.95,37434.99
177,2021 Ford Maverick Sport,L2R4SZE5Y8HDGPWHP,22071.03,27787.29
113,2020 Toyota Sienna SE,FPPKVJSHFM3DZMJJ1,41578.5,50157.92
97,2024 Toyota Prius,ZNBF85DDGX7OGYXNI,20605.04,23707.08
103,2018 Toyota 4Runner,MM4YDMTQKSCW5LCUE,32696.52,34880.35
132,2016 Ford Escape Limited,W4LS99YMD52JXCZIW,44047.43,46085.55
21,2020 Chevrolet Camaro Sport,RY0M6HIIMBZL6TKNA,38092.08,46226.53
48,2024 Chevrolet Blazer Limited,VR8K11B08ULHMVIEF,43889.3,45749.76
68,2017 Toyota Camry XL,3J09DRUG3V0U408IX,31418.24,39853.51
68,2016 Toyota Camry XL,J1Y3KHCRNTRNDLB8A,44015.72,48526
104,2023 Toyota 4Runner XL,PJP9YP99YK4QIPXIV,17619.36,22291.88
99,2018 Toyota Prius Sport,KLGV3YA5L8C8ONZA7,33272.73,41009.99
130,2016 Ford Escape Hybrid,H54ZH0DDFU11UPSP2,17823.31,19786.11
14,2024 Chevrolet Equinox XL,X9RS24K37L66JII6N,23400.41,29331.62
12,2020 Chevrolet Malibu Limited,6EKKE52FOS8AYWMAE,34601.56,37509.47
34,2017 Chevrolet Traverse Hybrid,FHNBBIYNB9OZNKYH4,30384.03,33649.36
15,2019 Chevrolet Equinox Sport,YVKQR0CJ9SJHQZ2L5,36528.71,40147.01
78,2015 Toyota RAV4 Limited,A1RTDE8QXTFCSX6YH,25236.11,29322.58
176,2023 Ford Maverick XL,JE1G9BLAO65ZKAGTM,24030.38,31593.56
155,2023 Ford Ranger SE,8DATPKX19WCXR02N0,24747.9,27598.61
151,2021 Ford Ranger,7I9ANT7VB93P5CQ0Q,15035.74,20656.09
118,2022 Toyota Sequoia Hybrid,N1T60LMQ2GSXV1AFT,35381.41,45183.89
75,2018 Toyota RAV4 Sport,PMWWIIY7NG7GL2U77,42647.72,44677.59
49,2019 Chevrolet Trailblazer,CX9AXW1JQF36R19BM,29508.9,32871.36
138,2024 Ford Explorer Limited,B3TPF88RWU7YQUVV9,20805.13,23513.02
177,2016 Ford Maverick Sport,XGXLO543B41BA3PLS,36896.21,44338.54
150,2016 Ford Edge Limited,D3FSUZAXQ6UOX8Y9U,19918.51,27606.48
119,2017 Toyota Sequoia SE,5Y4HE1D3W0DG8WIBS,19080.93,22688.31
22,2017 Chevrolet Camaro Hybrid,6HJSYD0OCC56RWVO5,21106.93,26915.43
71,2017 Toyota Camry SE,PZCF6N1FLH02O7950,17854.13,27700.9
60,2017 Chevrolet Suburban Limited,6SUI57TGFQQ434T2R,18443.93,25054.64
46,2021 Chevrolet Blazer Hybrid,OV8E90TSRV5Y7POQZ,31169.01,31821.75
149,2016 Ford Edge SE,Q3XK1T43TWY356F8K,17817.41,26216.67
144,2015 Ford Mustang Limited,FAEI5OQ0Z6ZMYA2FP,21315.7,26959.08
96,2018 Toyota Highlander Limited,DVFPPBYRUAFS5CTRG,37836.7,46045.46
46,2019 Chevrolet Blazer Hybrid,ELQYCU8HG0QT0ASVN,30228.05,30805.79
71,2019 Toyota Camry SE,D3TZMBBURHLBBSRTD,40264.84,43614.5
138,2019 Ford Explorer Limited,WFW83SYH69AT45Y15,25197.14,28431.74
164,2015 Ford Fusion XL,LGNE8J4OHCU4EE9CT,20346.42,28760.26
70,2017 Toyota Camry Hybrid,QDDO33HAKMVAHBZ5G,25538.75,26324.67
19,2015 Chevrolet Camaro,29L8IUV1KOAV2WQ7Z,30932.01,32059.98
117,2018 Toyota Sequoia Sport,NMCLSS4JZ645EDLMP,20146.72,26331.8
159,2016 Ford Expedition Sport,LE4PXE2GM0OYIKU05,19864.61,26255.27
148,2019 Ford Edge Hybrid,M6IZ3S551VTGLURI5,20793.96,29867.81
55,2024 Chevrolet Suburban,VL90ZLRYQ89KPJIKV,19676.05,25498.76
27,2015 Chevrolet Tahoe Sport,RBFOE7HQCYDBMQ729,31714.14,38717.64
157,2019 Ford Expedition,G1ZIFYKJUK4KBRUH0,39135.6,43594.67
12,2019 Chevrolet Malibu Limited,YKSBXS0F8HYPCY4TS,16937.99,21360.21
156,2019 Ford Ranger Limited,589BZMFF4CP438GY1,17792.81,26800.69
58,2022 Chevrolet Suburban Hybrid,HFSPOO3J6BW5FIPPE,23864.53,30460.51
96,2016 Toyota Highlander Limited,JT3SEH3T58XRS0PWL,19566.92,21594.9
49,2024 Chevrolet Trailblazer,3HURUGCYVRLHR86Y4,20238.25,23339.85
175,2024 Ford Maverick,80ZAWFM48VWYTZWP3,15108.7,18492.88
128,2016 Ford Escape XL,IGOR8X44TV2TK7QTB,22486,32364.33
119,2021 Toyota Sequoia SE,AK2TKBU0H4HR4AZN2,39877.53,49833.93
8,2022 Chevrolet Malibu XL,YRV5TLSAHHY5EZ2Z2,17501.64,27033.08
125,2015 Ford F-150 SE,G7E3RXUCODUSDUDLL,19823.15,23663.12
92,2017 Toyota Highlander XL,CPAM0LSTS5TWL0K5D,28455.94,34279.54
87,2021 Toyota Tundra Sport,J8M0E6FN0QR6DH5XI,26709.88,32262.63
73,2017 Toyota RAV4,FNW5XK6I54AWFBW9B,43373.18,47067.92
120,2023 Toyota Sequoia Limited,EXKGUN2AHK8MWBH1L,33666.71,35804.37
90,2017 Toyota Tundra Limited,CT980ZKPF48O67YMN,35987.77,43795.56
160,2017 Ford Expedition Hybrid,0D7CTANG1J6H8S6TB,16092.57,19116.25
57,2016 Chevrolet Suburban Sport,BH2Y6T9AIWRW3F0J2,28039.72,36256.34
150,2020 Ford Edge Limited,QF2TOLTJZQK4N2B4A,39370.79,42958.66
66,2024 Toyota Corolla Limited,S6NJZIRW9TS4DOFW2,23543.34,30770.79
133,2017 Ford Explorer,1Q1U13LJ545O9JIWQ,34189.73,43560.76
49,2016 Chevrolet Trailblazer,PUL9NEN9AIFYXNFW6,29196.4,34621.4
139,2018 Ford Mustang,J77U5T9JRENVC8VW8,41772.2,47096.13
22,2016 Chevrolet Camaro Hybrid,PZH4TI6G0M23P5800,36296.81,45957.36
72,2017 Toyota Camry Limited,5K8XMF5E12Z9WRVO8,26500.76,29408.35
116,2016 Toyota Sequoia XL,936K3WVQLI8DGQVKI,19820.79,23883.18
164,2023 Ford Fusion XL,CH6A3H5FI7ACVZPQY,36911.66,41369.22
72,2020 Toyota Camry Limited,DH05H9TFK8LEX4NAI,20289.34,26793.79
119,2017 Toyota Sequoia SE,62TEGCOPDU9CB22E7,18026.39,21448.54
32,2017 Chevrolet Traverse XL,EH95LR5QXAXEW78EL,25953.23,31217.23
160,2015 Ford Expedition Hybrid,853HCMMLLLCESF5LE,43048.9,50387.53
154,2019 Ford Ranger Hybrid,TMI21EU5JPMHNXYIF,36014.62,45503.49
158,2021 Ford Expedition XL,S9TPZRD0KXQX8H7JW,37399.68,44154.23
163,2023 Ford Fusion,OSL45GTS397CRX3BT,17622.87,22891.61
177,2023 Ford Maverick Sport,ZYSTB91NY8WXLRKGV,32123.33,38792.22
178,2023 Ford Maverick Hybrid,RYXW1SFVIUHI9RK95,43517.44,48839.52
87,2024 Toyota Tundra Sport,NA1LS3ZJ6WYX1MRBS,35800.78,44268.6
175,2023 Ford Maverick,X28563J41HMH31EYK,34418.01,43155.73
153,2021 Ford Ranger Sport,9N9B2RKZXJ65N9E5M,27207.88,33942.04
143,2017 Ford Mustang SE,L1VWMHN8IIDFSPBEB,32152.48,38686.68
154,2022 Ford Ranger Hybrid,ATL11F4HI90L0F1MK,36499.31,45401.98
179,2024 Ford Maverick SE,JR62HO5AQD5SBR4OZ,17339.87,19119.04
103,2023 Toyota 4Runner,2RMPMEO3G3ESQSFOU,33153.73,35828.49
25,2016 Chevrolet Tahoe,GIH1M9HYR3GBGCM0G,40017.08,40654.11
51,2023 Chevrolet Trailblazer Sport,3NH641UCZTLZH5YYT,19217.77,28331.26
60,2019 Chevrolet Suburban Limited,F1PGWGRTACGMS7JE5,37991.29,44747.78
101,2019 Toyota Prius SE,9SW3KJWJ9DFTE5DPA,23111.12,25402.3
117,2016 Toyota Sequoia Sport,WGK7RSOZ4R0INBOTX,29888.37,34782.4
54,2017 Chevrolet Trailblazer Limited,G7UO4B65N3D336LID,43408.53,49804.69
149,2018 Ford Edge SE,8VKNVC1M3AW15W6EL,33246.64,40695.14
100,2015 Toyota Prius Hybrid,EFO4F43GKONO758YM,43471.61,53129.36
84,2019 Toyota Tacoma Limited,372YNVLQXZ3CCBCHC,31675.82,37377.83
133,2017 Ford Explorer,NEL0F5OQ2S9CES8Z9,39378.29,43036.62
108,2024 Toyota 4Runner Limited,7NJT0DYR8E87X7VX7,28708.94,36862.28
141,2019 Ford Mustang Sport,SNX85Q0XRP2IKEQYN,25660.54,35289.55
70,2017 Toyota Camry Hybrid,XRTJDZ48PL6WKYW77,36726.8,38569.74
63,2016 Toyota Corolla Sport,X1Y6QBDFJ9DHINYWE,21625.49,27652.99
46,2024 Chevrolet Blazer Hybrid,086LVMO0DB2AXWBUO,15378.65,25224.59
